ISO-10303-21;
HEADER;
FILE_DESCRIPTION((''),'2;1');
FILE_NAME('PIPEFLANGEASSY_ASM','2024-11-21T17:18:00',('SVIVEK'),(''),
'CREO PARAMETRIC BY PTC INC, 2023374','CREO PARAMETRIC BY PTC INC, 2023374','');
FILE_SCHEMA(('AUTOMOTIVE_DESIGN { 1 0 10303 214 1 1 1 1 }'));
ENDSEC;
DATA;
#44=CARTESIAN_POINT('',(0.E0,-1.92E2,0.E0));
#45=DIRECTION('',(0.E0,1.E0,0.E0));
#46=DIRECTION('',(1.E0,0.E0,0.E0));
#47=AXIS2_PLACEMENT_3D('',#44,#45,#46);
#49=DRAUGHTING_PRE_DEFINED_CURVE_FONT('continuous');
#50=CURVE_STYLE('',#49,POSITIVE_LENGTH_MEASURE(2.E-2),#9);
#51=PRESENTATION_STYLE_ASSIGNMENT((#50));
#52=STYLED_ITEM('',(#51),#48);
#53=DIRECTION('',(0.E0,1.E0,0.E0));
#54=VECTOR('',#53,1.88E2);
#55=CARTESIAN_POINT('',(1.04E2,-1.92E2,0.E0));
#56=LINE('',#55,#54);
#57=CURVE_STYLE('',#49,POSITIVE_LENGTH_MEASURE(2.E-2),#9);
#58=PRESENTATION_STYLE_ASSIGNMENT((#57));
#59=STYLED_ITEM('',(#58),#56);
#60=CARTESIAN_POINT('',(0.E0,-1.92E2,0.E0));
#61=DIRECTION('',(0.E0,-1.E0,0.E0));
#62=DIRECTION('',(1.E0,0.E0,0.E0));
#63=AXIS2_PLACEMENT_3D('',#60,#61,#62);
#65=CURVE_STYLE('',#49,POSITIVE_LENGTH_MEASURE(2.E-2),#9);
#66=PRESENTATION_STYLE_ASSIGNMENT((#65));
#67=STYLED_ITEM('',(#66),#64);
#68=DIRECTION('',(0.E0,1.E0,0.E0));
#69=VECTOR('',#68,1.88E2);
#70=CARTESIAN_POINT('',(-1.04E2,-1.92E2,-1.539509260814E-14));
#71=LINE('',#70,#69);
#72=CURVE_STYLE('',#49,POSITIVE_LENGTH_MEASURE(2.E-2),#9);
#73=PRESENTATION_STYLE_ASSIGNMENT((#72));
#74=STYLED_ITEM('',(#73),#71);
#75=CARTESIAN_POINT('',(1.E2,-1.92E2,0.E0));
#76=CARTESIAN_POINT('',(9.999956739704E1,-1.92E2,-2.837047959670E0));
#77=CARTESIAN_POINT('',(9.975974459252E1,-1.92E2,-8.487639514031E0));
#78=CARTESIAN_POINT('',(9.868003595613E1,-1.92E2,-1.692124444669E1));
#79=CARTESIAN_POINT('',(9.688965779157E1,-1.92E2,-2.522787489230E1));
#80=CARTESIAN_POINT('',(9.440110103768E1,-1.92E2,-3.335409281517E1));
#81=CARTESIAN_POINT('',(9.123240533434E1,-1.92E2,-4.123963069225E1));
#82=CARTESIAN_POINT('',(8.740637185783E1,-1.92E2,-4.882813336221E1));
#83=CARTESIAN_POINT('',(8.295057513104E1,-1.92E2,-5.606480214710E1));
#84=CARTESIAN_POINT('',(7.789711716432E1,-1.92E2,-6.289752973197E1));
#85=CARTESIAN_POINT('',(7.228240880274E1,-1.92E2,-6.927707730242E1));
#86=CARTESIAN_POINT('',(6.614690399742E1,-1.92E2,-7.515748244487E1));
#87=CARTESIAN_POINT('',(5.953480924162E1,-1.92E2,-8.049637606972E1));
#88=CARTESIAN_POINT('',(5.249376481869E1,-1.92E2,-8.525529149641E1));
#89=CARTESIAN_POINT('',(4.507450161797E1,-1.92E2,-8.939994058461E1));
#90=CARTESIAN_POINT('',(3.733047560004E1,-1.92E2,-9.290046105488E1));
#91=CARTESIAN_POINT('',(2.931748265004E1,-1.92E2,-9.573163157376E1));
#92=CARTESIAN_POINT('',(2.109325656572E1,-1.92E2,-9.787305349364E1));
#93=CARTESIAN_POINT('',(1.271705308450E1,-1.92E2,-9.930929782030E1));
#94=CARTESIAN_POINT('',(4.249222944396E0,-1.92E2,-1.000300163805E2));
#95=CARTESIAN_POINT('',(-4.249222944396E0,-1.92E2,-1.000300163805E2));
#96=CARTESIAN_POINT('',(-1.271705308450E1,-1.92E2,-9.930929782030E1));
#97=CARTESIAN_POINT('',(-2.109325656572E1,-1.92E2,-9.787305349364E1));
#98=CARTESIAN_POINT('',(-2.931748265004E1,-1.92E2,-9.573163157376E1));
#99=CARTESIAN_POINT('',(-3.733047560004E1,-1.92E2,-9.290046105488E1));
#100=CARTESIAN_POINT('',(-4.507450161797E1,-1.92E2,-8.939994058461E1));
#101=CARTESIAN_POINT('',(-5.249376481869E1,-1.92E2,-8.525529149641E1));
#102=CARTESIAN_POINT('',(-5.953480924162E1,-1.92E2,-8.049637606972E1));
#103=CARTESIAN_POINT('',(-6.614690399742E1,-1.92E2,-7.515748244487E1));
#104=CARTESIAN_POINT('',(-7.228240880274E1,-1.92E2,-6.927707730242E1));
#105=CARTESIAN_POINT('',(-7.789711716432E1,-1.92E2,-6.289752973197E1));
#106=CARTESIAN_POINT('',(-8.295057513104E1,-1.92E2,-5.606480214710E1));
#107=CARTESIAN_POINT('',(-8.740637185783E1,-1.92E2,-4.882813336221E1));
#108=CARTESIAN_POINT('',(-9.123240533434E1,-1.92E2,-4.123963069225E1));
#109=CARTESIAN_POINT('',(-9.440110103768E1,-1.92E2,-3.335409281517E1));
#110=CARTESIAN_POINT('',(-9.688965779157E1,-1.92E2,-2.522787489230E1));
#111=CARTESIAN_POINT('',(-9.868003595613E1,-1.92E2,-1.692124444669E1));
#112=CARTESIAN_POINT('',(-9.975974459252E1,-1.92E2,-8.487639514030E0));
#113=CARTESIAN_POINT('',(-9.999956739704E1,-1.92E2,-2.837047959670E0));
#114=CARTESIAN_POINT('',(-1.E2,-1.92E2,0.E0));
#116=CURVE_STYLE('',#49,POSITIVE_LENGTH_MEASURE(2.E-2),#9);
#117=PRESENTATION_STYLE_ASSIGNMENT((#116));
#118=STYLED_ITEM('',(#117),#115);
#119=CARTESIAN_POINT('',(1.E2,-1.92E2,0.E0));
#120=CARTESIAN_POINT('',(9.999956739704E1,-1.92E2,2.837047959670E0));
#121=CARTESIAN_POINT('',(9.975974459252E1,-1.92E2,8.487639514031E0));
#122=CARTESIAN_POINT('',(9.868003595613E1,-1.92E2,1.692124444669E1));
#123=CARTESIAN_POINT('',(9.688965779157E1,-1.92E2,2.522787489230E1));
#124=CARTESIAN_POINT('',(9.440110103768E1,-1.92E2,3.335409281517E1));
#125=CARTESIAN_POINT('',(9.123240533434E1,-1.92E2,4.123963069225E1));
#126=CARTESIAN_POINT('',(8.740637185783E1,-1.92E2,4.882813336221E1));
#127=CARTESIAN_POINT('',(8.295057513104E1,-1.92E2,5.606480214710E1));
#128=CARTESIAN_POINT('',(7.789711716432E1,-1.92E2,6.289752973197E1));
#129=CARTESIAN_POINT('',(7.228240880274E1,-1.92E2,6.927707730242E1));
#130=CARTESIAN_POINT('',(6.614690399742E1,-1.92E2,7.515748244487E1));
#131=CARTESIAN_POINT('',(5.953480924162E1,-1.92E2,8.049637606972E1));
#132=CARTESIAN_POINT('',(5.249376481869E1,-1.92E2,8.525529149641E1));
#133=CARTESIAN_POINT('',(4.507450161797E1,-1.92E2,8.939994058461E1));
#134=CARTESIAN_POINT('',(3.733047560004E1,-1.92E2,9.290046105488E1));
#135=CARTESIAN_POINT('',(2.931748265004E1,-1.92E2,9.573163157376E1));
#136=CARTESIAN_POINT('',(2.109325656572E1,-1.92E2,9.787305349364E1));
#137=CARTESIAN_POINT('',(1.271705308450E1,-1.92E2,9.930929782030E1));
#138=CARTESIAN_POINT('',(4.249222944396E0,-1.92E2,1.000300163805E2));
#139=CARTESIAN_POINT('',(-4.249222944396E0,-1.92E2,1.000300163805E2));
#140=CARTESIAN_POINT('',(-1.271705308450E1,-1.92E2,9.930929782030E1));
#141=CARTESIAN_POINT('',(-2.109325656572E1,-1.92E2,9.787305349364E1));
#142=CARTESIAN_POINT('',(-2.931748265004E1,-1.92E2,9.573163157376E1));
#143=CARTESIAN_POINT('',(-3.733047560004E1,-1.92E2,9.290046105488E1));
#144=CARTESIAN_POINT('',(-4.507450161797E1,-1.92E2,8.939994058461E1));
#145=CARTESIAN_POINT('',(-5.249376481869E1,-1.92E2,8.525529149641E1));
#146=CARTESIAN_POINT('',(-5.953480924162E1,-1.92E2,8.049637606972E1));
#147=CARTESIAN_POINT('',(-6.614690399742E1,-1.92E2,7.515748244487E1));
#148=CARTESIAN_POINT('',(-7.228240880274E1,-1.92E2,6.927707730242E1));
#149=CARTESIAN_POINT('',(-7.789711716432E1,-1.92E2,6.289752973197E1));
#150=CARTESIAN_POINT('',(-8.295057513104E1,-1.92E2,5.606480214710E1));
#151=CARTESIAN_POINT('',(-8.740637185783E1,-1.92E2,4.882813336221E1));
#152=CARTESIAN_POINT('',(-9.123240533434E1,-1.92E2,4.123963069225E1));
#153=CARTESIAN_POINT('',(-9.440110103768E1,-1.92E2,3.335409281517E1));
#154=CARTESIAN_POINT('',(-9.688965779157E1,-1.92E2,2.522787489230E1));
#155=CARTESIAN_POINT('',(-9.868003595613E1,-1.92E2,1.692124444669E1));
#156=CARTESIAN_POINT('',(-9.975974459252E1,-1.92E2,8.487639514030E0));
#157=CARTESIAN_POINT('',(-9.999956739704E1,-1.92E2,2.837047959670E0));
#158=CARTESIAN_POINT('',(-1.E2,-1.92E2,0.E0));
#160=CURVE_STYLE('',#49,POSITIVE_LENGTH_MEASURE(2.E-2),#9);
#161=PRESENTATION_STYLE_ASSIGNMENT((#160));
#162=STYLED_ITEM('',(#161),#159);
#163=CARTESIAN_POINT('',(1.08E2,-4.E0,0.E0));
#164=DIRECTION('',(0.E0,0.E0,-1.E0));
#165=DIRECTION('',(-1.E0,0.E0,0.E0));
#166=AXIS2_PLACEMENT_3D('',#163,#164,#165);
#168=CURVE_STYLE('',#49,POSITIVE_LENGTH_MEASURE(2.E-2),#9);
#169=PRESENTATION_STYLE_ASSIGNMENT((#168));
#170=STYLED_ITEM('',(#169),#167);
#171=CARTESIAN_POINT('',(1.151624606663E-14,-4.E0,0.E0));
#172=DIRECTION('',(0.E0,-1.E0,0.E0));
#173=DIRECTION('',(1.E0,0.E0,0.E0));
#174=AXIS2_PLACEMENT_3D('',#171,#172,#173);
#176=CURVE_STYLE('',#49,POSITIVE_LENGTH_MEASURE(2.E-2),#9);
#177=PRESENTATION_STYLE_ASSIGNMENT((#176));
#178=STYLED_ITEM('',(#177),#175);
#179=CARTESIAN_POINT('',(-1.08E2,-4.E0,-3.473544923302E-14));
#180=DIRECTION('',(0.E0,0.E0,1.E0));
#181=DIRECTION('',(1.E0,0.E0,0.E0));
#182=AXIS2_PLACEMENT_3D('',#179,#180,#181);
#184=CURVE_STYLE('',#49,POSITIVE_LENGTH_MEASURE(2.E-2),#9);
#185=PRESENTATION_STYLE_ASSIGNMENT((#184));
#186=STYLED_ITEM('',(#185),#183);
#187=CARTESIAN_POINT('',(1.151624606663E-14,-4.E0,0.E0));
#188=DIRECTION('',(0.E0,1.E0,0.E0));
#189=DIRECTION('',(1.E0,0.E0,0.E0));
#190=AXIS2_PLACEMENT_3D('',#187,#188,#189);
#192=CURVE_STYLE('',#49,POSITIVE_LENGTH_MEASURE(2.E-2),#9);
#193=PRESENTATION_STYLE_ASSIGNMENT((#192));
#194=STYLED_ITEM('',(#193),#191);
#195=CARTESIAN_POINT('',(1.176117542646E-14,0.E0,0.E0));
#196=DIRECTION('',(0.E0,-1.E0,0.E0));
#197=DIRECTION('',(1.E0,0.E0,0.E0));
#198=AXIS2_PLACEMENT_3D('',#195,#196,#197);
#200=CURVE_STYLE('',#49,POSITIVE_LENGTH_MEASURE(2.E-2),#9);
#201=PRESENTATION_STYLE_ASSIGNMENT((#200));
#202=STYLED_ITEM('',(#201),#199);
#203=CARTESIAN_POINT('',(1.176117542646E-14,0.E0,0.E0));
#204=DIRECTION('',(0.E0,1.E0,0.E0));
#205=DIRECTION('',(1.E0,0.E0,0.E0));
#206=AXIS2_PLACEMENT_3D('',#203,#204,#205);
#208=CURVE_STYLE('',#49,POSITIVE_LENGTH_MEASURE(2.E-2),#9);
#209=PRESENTATION_STYLE_ASSIGNMENT((#208));
#210=STYLED_ITEM('',(#209),#207);
#211=CARTESIAN_POINT('',(0.E0,0.E0,1.175E2));
#212=DIRECTION('',(0.E0,-1.E0,0.E0));
#213=DIRECTION('',(1.E0,0.E0,0.E0));
#214=AXIS2_PLACEMENT_3D('',#211,#212,#213);
#216=CURVE_STYLE('',#49,POSITIVE_LENGTH_MEASURE(2.E-2),#9);
#217=PRESENTATION_STYLE_ASSIGNMENT((#216));
#218=STYLED_ITEM('',(#217),#215);
#219=CARTESIAN_POINT('',(0.E0,0.E0,1.175E2));
#220=DIRECTION('',(0.E0,-1.E0,0.E0));
#221=DIRECTION('',(-1.E0,0.E0,0.E0));
#222=AXIS2_PLACEMENT_3D('',#219,#220,#221);
#224=CURVE_STYLE('',#49,POSITIVE_LENGTH_MEASURE(2.E-2),#9);
#225=PRESENTATION_STYLE_ASSIGNMENT((#224));
#226=STYLED_ITEM('',(#225),#223);
#227=CARTESIAN_POINT('',(-5.875E1,0.E0,1.017579849447E2));
#228=DIRECTION('',(0.E0,-1.E0,0.E0));
#229=DIRECTION('',(8.660254037844E-1,0.E0,5.E-1));
#230=AXIS2_PLACEMENT_3D('',#227,#228,#229);
#232=CURVE_STYLE('',#49,POSITIVE_LENGTH_MEASURE(2.E-2),#9);
#233=PRESENTATION_STYLE_ASSIGNMENT((#232));
#234=STYLED_ITEM('',(#233),#231);
#235=CARTESIAN_POINT('',(-5.875E1,0.E0,1.017579849447E2));
#236=DIRECTION('',(0.E0,-1.E0,0.E0));
#237=DIRECTION('',(-8.660254037844E-1,0.E0,-5.E-1));
#238=AXIS2_PLACEMENT_3D('',#235,#236,#237);
#240=CURVE_STYLE('',#49,POSITIVE_LENGTH_MEASURE(2.E-2),#9);
#241=PRESENTATION_STYLE_ASSIGNMENT((#240));
#242=STYLED_ITEM('',(#241),#239);
#243=CARTESIAN_POINT('',(-1.017579849447E2,0.E0,5.875E1));
#244=DIRECTION('',(0.E0,-1.E0,0.E0));
#245=DIRECTION('',(5.E-1,0.E0,8.660254037844E-1));
#246=AXIS2_PLACEMENT_3D('',#243,#244,#245);
#248=CURVE_STYLE('',#49,POSITIVE_LENGTH_MEASURE(2.E-2),#9);
#249=PRESENTATION_STYLE_ASSIGNMENT((#248));
#250=STYLED_ITEM('',(#249),#247);
#251=CARTESIAN_POINT('',(-1.017579849447E2,0.E0,5.875E1));
#252=DIRECTION('',(0.E0,-1.E0,0.E0));
#253=DIRECTION('',(-5.E-1,0.E0,-8.660254037844E-1));
#254=AXIS2_PLACEMENT_3D('',#251,#252,#253);
#256=CURVE_STYLE('',#49,POSITIVE_LENGTH_MEASURE(2.E-2),#9);
#257=PRESENTATION_STYLE_ASSIGNMENT((#256));
#258=STYLED_ITEM('',(#257),#255);
#259=CARTESIAN_POINT('',(-1.175E2,0.E0,0.E0));
#260=DIRECTION('',(0.E0,-1.E0,0.E0));
#261=DIRECTION('',(0.E0,0.E0,1.E0));
#262=AXIS2_PLACEMENT_3D('',#259,#260,#261);
#264=CURVE_STYLE('',#49,POSITIVE_LENGTH_MEASURE(2.E-2),#9);
#265=PRESENTATION_STYLE_ASSIGNMENT((#264));
#266=STYLED_ITEM('',(#265),#263);
#267=CARTESIAN_POINT('',(-1.175E2,0.E0,0.E0));
#268=DIRECTION('',(0.E0,-1.E0,0.E0));
#269=DIRECTION('',(0.E0,0.E0,-1.E0));
#270=AXIS2_PLACEMENT_3D('',#267,#268,#269);
#272=CURVE_STYLE('',#49,POSITIVE_LENGTH_MEASURE(2.E-2),#9);
#273=PRESENTATION_STYLE_ASSIGNMENT((#272));
#274=STYLED_ITEM('',(#273),#271);
#275=CARTESIAN_POINT('',(-1.017579849447E2,0.E0,-5.875E1));
#276=DIRECTION('',(0.E0,-1.E0,0.E0));
#277=DIRECTION('',(-5.E-1,0.E0,8.660254037844E-1));
#278=AXIS2_PLACEMENT_3D('',#275,#276,#277);
#280=CURVE_STYLE('',#49,POSITIVE_LENGTH_MEASURE(2.E-2),#9);
#281=PRESENTATION_STYLE_ASSIGNMENT((#280));
#282=STYLED_ITEM('',(#281),#279);
#283=CARTESIAN_POINT('',(-1.017579849447E2,0.E0,-5.875E1));
#284=DIRECTION('',(0.E0,-1.E0,0.E0));
#285=DIRECTION('',(5.E-1,0.E0,-8.660254037844E-1));
#286=AXIS2_PLACEMENT_3D('',#283,#284,#285);
#288=CURVE_STYLE('',#49,POSITIVE_LENGTH_MEASURE(2.E-2),#9);
#289=PRESENTATION_STYLE_ASSIGNMENT((#288));
#290=STYLED_ITEM('',(#289),#287);
#291=CARTESIAN_POINT('',(-5.875E1,0.E0,-1.017579849447E2));
#292=DIRECTION('',(0.E0,-1.E0,0.E0));
#293=DIRECTION('',(-8.660254037844E-1,0.E0,5.E-1));
#294=AXIS2_PLACEMENT_3D('',#291,#292,#293);
#296=CURVE_STYLE('',#49,POSITIVE_LENGTH_MEASURE(2.E-2),#9);
#297=PRESENTATION_STYLE_ASSIGNMENT((#296));
#298=STYLED_ITEM('',(#297),#295);
#299=CARTESIAN_POINT('',(-5.875E1,0.E0,-1.017579849447E2));
#300=DIRECTION('',(0.E0,-1.E0,0.E0));
#301=DIRECTION('',(8.660254037844E-1,0.E0,-5.E-1));
#302=AXIS2_PLACEMENT_3D('',#299,#300,#301);
#304=CURVE_STYLE('',#49,POSITIVE_LENGTH_MEASURE(2.E-2),#9);
#305=PRESENTATION_STYLE_ASSIGNMENT((#304));
#306=STYLED_ITEM('',(#305),#303);
#307=CARTESIAN_POINT('',(-1.438959988998E-14,0.E0,-1.175E2));
#308=DIRECTION('',(0.E0,-1.E0,0.E0));
#309=DIRECTION('',(-1.E0,0.E0,0.E0));
#310=AXIS2_PLACEMENT_3D('',#307,#308,#309);
#312=CURVE_STYLE('',#49,POSITIVE_LENGTH_MEASURE(2.E-2),#9);
#313=PRESENTATION_STYLE_ASSIGNMENT((#312));
#314=STYLED_ITEM('',(#313),#311);
#315=CARTESIAN_POINT('',(-1.438959988998E-14,0.E0,-1.175E2));
#316=DIRECTION('',(0.E0,-1.E0,0.E0));
#317=DIRECTION('',(1.E0,0.E0,0.E0));
#318=AXIS2_PLACEMENT_3D('',#315,#316,#317);
#320=CURVE_STYLE('',#49,POSITIVE_LENGTH_MEASURE(2.E-2),#9);
#321=PRESENTATION_STYLE_ASSIGNMENT((#320));
#322=STYLED_ITEM('',(#321),#319);
#323=CARTESIAN_POINT('',(5.875E1,0.E0,-1.017579849447E2));
#324=DIRECTION('',(0.E0,-1.E0,0.E0));
#325=DIRECTION('',(-8.660254037844E-1,0.E0,-5.E-1));
#326=AXIS2_PLACEMENT_3D('',#323,#324,#325);
#328=CURVE_STYLE('',#49,POSITIVE_LENGTH_MEASURE(2.E-2),#9);
#329=PRESENTATION_STYLE_ASSIGNMENT((#328));
#330=STYLED_ITEM('',(#329),#327);
#331=CARTESIAN_POINT('',(5.875E1,0.E0,-1.017579849447E2));
#332=DIRECTION('',(0.E0,-1.E0,0.E0));
#333=DIRECTION('',(8.660254037844E-1,0.E0,5.E-1));
#334=AXIS2_PLACEMENT_3D('',#331,#332,#333);
#336=CURVE_STYLE('',#49,POSITIVE_LENGTH_MEASURE(2.E-2),#9);
#337=PRESENTATION_STYLE_ASSIGNMENT((#336));
#338=STYLED_ITEM('',(#337),#335);
#339=CARTESIAN_POINT('',(1.017579849447E2,0.E0,-5.875E1));
#340=DIRECTION('',(0.E0,-1.E0,0.E0));
#341=DIRECTION('',(-5.E-1,0.E0,-8.660254037844E-1));
#342=AXIS2_PLACEMENT_3D('',#339,#340,#341);
#344=CURVE_STYLE('',#49,POSITIVE_LENGTH_MEASURE(2.E-2),#9);
#345=PRESENTATION_STYLE_ASSIGNMENT((#344));
#346=STYLED_ITEM('',(#345),#343);
#347=CARTESIAN_POINT('',(1.017579849447E2,0.E0,-5.875E1));
#348=DIRECTION('',(0.E0,-1.E0,0.E0));
#349=DIRECTION('',(5.E-1,0.E0,8.660254037844E-1));
#350=AXIS2_PLACEMENT_3D('',#347,#348,#349);
#352=CURVE_STYLE('',#49,POSITIVE_LENGTH_MEASURE(2.E-2),#9);
#353=PRESENTATION_STYLE_ASSIGNMENT((#352));
#354=STYLED_ITEM('',(#353),#351);
#355=CARTESIAN_POINT('',(1.175E2,0.E0,-2.158439371174E-14));
#356=DIRECTION('',(0.E0,-1.E0,0.E0));
#357=DIRECTION('',(0.E0,0.E0,-1.E0));
#358=AXIS2_PLACEMENT_3D('',#355,#356,#357);
#360=CURVE_STYLE('',#49,POSITIVE_LENGTH_MEASURE(2.E-2),#9);
#361=PRESENTATION_STYLE_ASSIGNMENT((#360));
#362=STYLED_ITEM('',(#361),#359);
#363=CARTESIAN_POINT('',(1.175E2,0.E0,-2.158439371174E-14));
#364=DIRECTION('',(0.E0,-1.E0,0.E0));
#365=DIRECTION('',(0.E0,0.E0,1.E0));
#366=AXIS2_PLACEMENT_3D('',#363,#364,#365);
#368=CURVE_STYLE('',#49,POSITIVE_LENGTH_MEASURE(2.E-2),#9);
#369=PRESENTATION_STYLE_ASSIGNMENT((#368));
#370=STYLED_ITEM('',(#369),#367);
#371=CARTESIAN_POINT('',(1.017579849447E2,0.E0,5.875E1));
#372=DIRECTION('',(0.E0,-1.E0,0.E0));
#373=DIRECTION('',(5.E-1,0.E0,-8.660254037844E-1));
#374=AXIS2_PLACEMENT_3D('',#371,#372,#373);
#376=CURVE_STYLE('',#49,POSITIVE_LENGTH_MEASURE(2.E-2),#9);
#377=PRESENTATION_STYLE_ASSIGNMENT((#376));
#378=STYLED_ITEM('',(#377),#375);
#379=CARTESIAN_POINT('',(1.017579849447E2,0.E0,5.875E1));
#380=DIRECTION('',(0.E0,-1.E0,0.E0));
#381=DIRECTION('',(-5.E-1,0.E0,8.660254037844E-1));
#382=AXIS2_PLACEMENT_3D('',#379,#380,#381);
#384=CURVE_STYLE('',#49,POSITIVE_LENGTH_MEASURE(2.E-2),#9);
#385=PRESENTATION_STYLE_ASSIGNMENT((#384));
#386=STYLED_ITEM('',(#385),#383);
#387=CARTESIAN_POINT('',(5.875E1,0.E0,1.017579849447E2));
#388=DIRECTION('',(0.E0,-1.E0,0.E0));
#389=DIRECTION('',(8.660254037844E-1,0.E0,-5.E-1));
#390=AXIS2_PLACEMENT_3D('',#387,#388,#389);
#392=CURVE_STYLE('',#49,POSITIVE_LENGTH_MEASURE(2.E-2),#9);
#393=PRESENTATION_STYLE_ASSIGNMENT((#392));
#394=STYLED_ITEM('',(#393),#391);
#395=CARTESIAN_POINT('',(5.875E1,0.E0,1.017579849447E2));
#396=DIRECTION('',(0.E0,-1.E0,0.E0));
#397=DIRECTION('',(-8.660254037844E-1,0.E0,5.E-1));
#398=AXIS2_PLACEMENT_3D('',#395,#396,#397);
#400=CURVE_STYLE('',#49,POSITIVE_LENGTH_MEASURE(2.E-2),#9);
#401=PRESENTATION_STYLE_ASSIGNMENT((#400));
#402=STYLED_ITEM('',(#401),#399);
#403=CARTESIAN_POINT('',(1.176117542646E-14,0.E0,0.E0));
#404=DIRECTION('',(0.E0,1.E0,0.E0));
#405=DIRECTION('',(1.E0,0.E0,0.E0));
#406=AXIS2_PLACEMENT_3D('',#403,#404,#405);
#408=CURVE_STYLE('',#49,POSITIVE_LENGTH_MEASURE(2.E-2),#9);
#409=PRESENTATION_STYLE_ASSIGNMENT((#408));
#410=STYLED_ITEM('',(#409),#407);
#411=DIRECTION('',(0.E0,1.E0,0.E0));
#412=VECTOR('',#411,8.E0);
#413=CARTESIAN_POINT('',(1.3E2,0.E0,0.E0));
#414=LINE('',#413,#412);
#415=CURVE_STYLE('',#49,POSITIVE_LENGTH_MEASURE(2.E-2),#9);
#416=PRESENTATION_STYLE_ASSIGNMENT((#415));
#417=STYLED_ITEM('',(#416),#414);
#418=CARTESIAN_POINT('',(1.176117542646E-14,0.E0,0.E0));
#419=DIRECTION('',(0.E0,-1.E0,0.E0));
#420=DIRECTION('',(1.E0,0.E0,0.E0));
#421=AXIS2_PLACEMENT_3D('',#418,#419,#420);
#423=CURVE_STYLE('',#49,POSITIVE_LENGTH_MEASURE(2.E-2),#9);
#424=PRESENTATION_STYLE_ASSIGNMENT((#423));
#425=STYLED_ITEM('',(#424),#422);
#426=DIRECTION('',(0.E0,1.E0,0.E0));
#427=VECTOR('',#426,8.E0);
#428=CARTESIAN_POINT('',(-1.3E2,0.E0,-1.924386576017E-14));
#429=LINE('',#428,#427);
#430=CURVE_STYLE('',#49,POSITIVE_LENGTH_MEASURE(2.E-2),#9);
#431=PRESENTATION_STYLE_ASSIGNMENT((#430));
#432=STYLED_ITEM('',(#431),#429);
#433=CARTESIAN_POINT('',(1.225103414612E-14,8.E0,0.E0));
#434=DIRECTION('',(0.E0,-1.E0,0.E0));
#435=DIRECTION('',(1.E0,0.E0,0.E0));
#436=AXIS2_PLACEMENT_3D('',#433,#434,#435);
#438=CURVE_STYLE('',#49,POSITIVE_LENGTH_MEASURE(2.E-2),#9);
#439=PRESENTATION_STYLE_ASSIGNMENT((#438));
#440=STYLED_ITEM('',(#439),#437);
#441=CARTESIAN_POINT('',(1.225103414612E-14,8.E0,0.E0));
#442=DIRECTION('',(0.E0,1.E0,0.E0));
#443=DIRECTION('',(1.E0,0.E0,0.E0));
#444=AXIS2_PLACEMENT_3D('',#441,#442,#443);
#446=CURVE_STYLE('',#49,POSITIVE_LENGTH_MEASURE(2.E-2),#9);
#447=PRESENTATION_STYLE_ASSIGNMENT((#446));
#448=STYLED_ITEM('',(#447),#445);
#449=CARTESIAN_POINT('',(0.E0,8.E0,1.175E2));
#450=DIRECTION('',(0.E0,-1.E0,0.E0));
#451=DIRECTION('',(1.E0,0.E0,0.E0));
#452=AXIS2_PLACEMENT_3D('',#449,#450,#451);
#454=CURVE_STYLE('',#49,POSITIVE_LENGTH_MEASURE(2.E-2),#9);
#455=PRESENTATION_STYLE_ASSIGNMENT((#454));
#456=STYLED_ITEM('',(#455),#453);
#457=CARTESIAN_POINT('',(0.E0,8.E0,1.175E2));
#458=DIRECTION('',(0.E0,-1.E0,0.E0));
#459=DIRECTION('',(-1.E0,0.E0,0.E0));
#460=AXIS2_PLACEMENT_3D('',#457,#458,#459);
#462=CURVE_STYLE('',#49,POSITIVE_LENGTH_MEASURE(2.E-2),#9);
#463=PRESENTATION_STYLE_ASSIGNMENT((#462));
#464=STYLED_ITEM('',(#463),#461);
#465=CARTESIAN_POINT('',(-5.875E1,8.E0,1.017579849447E2));
#466=DIRECTION('',(0.E0,-1.E0,0.E0));
#467=DIRECTION('',(8.660254037844E-1,0.E0,5.E-1));
#468=AXIS2_PLACEMENT_3D('',#465,#466,#467);
#470=CURVE_STYLE('',#49,POSITIVE_LENGTH_MEASURE(2.E-2),#9);
#471=PRESENTATION_STYLE_ASSIGNMENT((#470));
#472=STYLED_ITEM('',(#471),#469);
#473=CARTESIAN_POINT('',(-5.875E1,8.E0,1.017579849447E2));
#474=DIRECTION('',(0.E0,-1.E0,0.E0));
#475=DIRECTION('',(-8.660254037844E-1,0.E0,-5.E-1));
#476=AXIS2_PLACEMENT_3D('',#473,#474,#475);
#478=CURVE_STYLE('',#49,POSITIVE_LENGTH_MEASURE(2.E-2),#9);
#479=PRESENTATION_STYLE_ASSIGNMENT((#478));
#480=STYLED_ITEM('',(#479),#477);
#481=CARTESIAN_POINT('',(-1.017579849447E2,8.E0,5.875E1));
#482=DIRECTION('',(0.E0,-1.E0,0.E0));
#483=DIRECTION('',(5.E-1,0.E0,8.660254037844E-1));
#484=AXIS2_PLACEMENT_3D('',#481,#482,#483);
#486=CURVE_STYLE('',#49,POSITIVE_LENGTH_MEASURE(2.E-2),#9);
#487=PRESENTATION_STYLE_ASSIGNMENT((#486));
#488=STYLED_ITEM('',(#487),#485);
#489=CARTESIAN_POINT('',(-1.017579849447E2,8.E0,5.875E1));
#490=DIRECTION('',(0.E0,-1.E0,0.E0));
#491=DIRECTION('',(-5.E-1,0.E0,-8.660254037844E-1));
#492=AXIS2_PLACEMENT_3D('',#489,#490,#491);
#494=CURVE_STYLE('',#49,POSITIVE_LENGTH_MEASURE(2.E-2),#9);
#495=PRESENTATION_STYLE_ASSIGNMENT((#494));
#496=STYLED_ITEM('',(#495),#493);
#497=CARTESIAN_POINT('',(-1.175E2,8.E0,0.E0));
#498=DIRECTION('',(0.E0,-1.E0,0.E0));
#499=DIRECTION('',(0.E0,0.E0,1.E0));
#500=AXIS2_PLACEMENT_3D('',#497,#498,#499);
#502=CURVE_STYLE('',#49,POSITIVE_LENGTH_MEASURE(2.E-2),#9);
#503=PRESENTATION_STYLE_ASSIGNMENT((#502));
#504=STYLED_ITEM('',(#503),#501);
#505=CARTESIAN_POINT('',(-1.175E2,8.E0,0.E0));
#506=DIRECTION('',(0.E0,-1.E0,0.E0));
#507=DIRECTION('',(0.E0,0.E0,-1.E0));
#508=AXIS2_PLACEMENT_3D('',#505,#506,#507);
#510=CURVE_STYLE('',#49,POSITIVE_LENGTH_MEASURE(2.E-2),#9);
#511=PRESENTATION_STYLE_ASSIGNMENT((#510));
#512=STYLED_ITEM('',(#511),#509);
#513=CARTESIAN_POINT('',(-1.017579849447E2,8.E0,-5.875E1));
#514=DIRECTION('',(0.E0,-1.E0,0.E0));
#515=DIRECTION('',(-5.E-1,0.E0,8.660254037844E-1));
#516=AXIS2_PLACEMENT_3D('',#513,#514,#515);
#518=CURVE_STYLE('',#49,POSITIVE_LENGTH_MEASURE(2.E-2),#9);
#519=PRESENTATION_STYLE_ASSIGNMENT((#518));
#520=STYLED_ITEM('',(#519),#517);
#521=CARTESIAN_POINT('',(-1.017579849447E2,8.E0,-5.875E1));
#522=DIRECTION('',(0.E0,-1.E0,0.E0));
#523=DIRECTION('',(5.E-1,0.E0,-8.660254037844E-1));
#524=AXIS2_PLACEMENT_3D('',#521,#522,#523);
#526=CURVE_STYLE('',#49,POSITIVE_LENGTH_MEASURE(2.E-2),#9);
#527=PRESENTATION_STYLE_ASSIGNMENT((#526));
#528=STYLED_ITEM('',(#527),#525);
#529=CARTESIAN_POINT('',(-5.875E1,8.E0,-1.017579849447E2));
#530=DIRECTION('',(0.E0,-1.E0,0.E0));
#531=DIRECTION('',(-8.660254037844E-1,0.E0,5.E-1));
#532=AXIS2_PLACEMENT_3D('',#529,#530,#531);
#534=CURVE_STYLE('',#49,POSITIVE_LENGTH_MEASURE(2.E-2),#9);
#535=PRESENTATION_STYLE_ASSIGNMENT((#534));
#536=STYLED_ITEM('',(#535),#533);
#537=CARTESIAN_POINT('',(-5.875E1,8.E0,-1.017579849447E2));
#538=DIRECTION('',(0.E0,-1.E0,0.E0));
#539=DIRECTION('',(8.660254037844E-1,0.E0,-5.E-1));
#540=AXIS2_PLACEMENT_3D('',#537,#538,#539);
#542=CURVE_STYLE('',#49,POSITIVE_LENGTH_MEASURE(2.E-2),#9);
#543=PRESENTATION_STYLE_ASSIGNMENT((#542));
#544=STYLED_ITEM('',(#543),#541);
#545=CARTESIAN_POINT('',(-1.487945860964E-14,8.E0,-1.175E2));
#546=DIRECTION('',(0.E0,-1.E0,0.E0));
#547=DIRECTION('',(-1.E0,0.E0,0.E0));
#548=AXIS2_PLACEMENT_3D('',#545,#546,#547);
#550=CURVE_STYLE('',#49,POSITIVE_LENGTH_MEASURE(2.E-2),#9);
#551=PRESENTATION_STYLE_ASSIGNMENT((#550));
#552=STYLED_ITEM('',(#551),#549);
#553=CARTESIAN_POINT('',(-1.487945860964E-14,8.E0,-1.175E2));
#554=DIRECTION('',(0.E0,-1.E0,0.E0));
#555=DIRECTION('',(1.E0,0.E0,0.E0));
#556=AXIS2_PLACEMENT_3D('',#553,#554,#555);
#558=CURVE_STYLE('',#49,POSITIVE_LENGTH_MEASURE(2.E-2),#9);
#559=PRESENTATION_STYLE_ASSIGNMENT((#558));
#560=STYLED_ITEM('',(#559),#557);
#561=CARTESIAN_POINT('',(5.875E1,8.E0,-1.017579849447E2));
#562=DIRECTION('',(0.E0,-1.E0,0.E0));
#563=DIRECTION('',(-8.660254037844E-1,0.E0,-5.E-1));
#564=AXIS2_PLACEMENT_3D('',#561,#562,#563);
#566=CURVE_STYLE('',#49,POSITIVE_LENGTH_MEASURE(2.E-2),#9);
#567=PRESENTATION_STYLE_ASSIGNMENT((#566));
#568=STYLED_ITEM('',(#567),#565);
#569=CARTESIAN_POINT('',(5.875E1,8.E0,-1.017579849447E2));
#570=DIRECTION('',(0.E0,-1.E0,0.E0));
#571=DIRECTION('',(8.660254037844E-1,0.E0,5.E-1));
#572=AXIS2_PLACEMENT_3D('',#569,#570,#571);
#574=CURVE_STYLE('',#49,POSITIVE_LENGTH_MEASURE(2.E-2),#9);
#575=PRESENTATION_STYLE_ASSIGNMENT((#574));
#576=STYLED_ITEM('',(#575),#573);
#577=CARTESIAN_POINT('',(1.017579849447E2,8.E0,-5.875E1));
#578=DIRECTION('',(0.E0,-1.E0,0.E0));
#579=DIRECTION('',(-5.E-1,0.E0,-8.660254037844E-1));
#580=AXIS2_PLACEMENT_3D('',#577,#578,#579);
#582=CURVE_STYLE('',#49,POSITIVE_LENGTH_MEASURE(2.E-2),#9);
#583=PRESENTATION_STYLE_ASSIGNMENT((#582));
#584=STYLED_ITEM('',(#583),#581);
#585=CARTESIAN_POINT('',(1.017579849447E2,8.E0,-5.875E1));
#586=DIRECTION('',(0.E0,-1.E0,0.E0));
#587=DIRECTION('',(5.E-1,0.E0,8.660254037844E-1));
#588=AXIS2_PLACEMENT_3D('',#585,#586,#587);
#590=CURVE_STYLE('',#49,POSITIVE_LENGTH_MEASURE(2.E-2),#9);
#591=PRESENTATION_STYLE_ASSIGNMENT((#590));
#592=STYLED_ITEM('',(#591),#589);
#593=CARTESIAN_POINT('',(1.175E2,8.E0,-2.207425243140E-14));
#594=DIRECTION('',(0.E0,-1.E0,0.E0));
#595=DIRECTION('',(0.E0,0.E0,-1.E0));
#596=AXIS2_PLACEMENT_3D('',#593,#594,#595);
#598=CURVE_STYLE('',#49,POSITIVE_LENGTH_MEASURE(2.E-2),#9);
#599=PRESENTATION_STYLE_ASSIGNMENT((#598));
#600=STYLED_ITEM('',(#599),#597);
#601=CARTESIAN_POINT('',(1.175E2,8.E0,-2.207425243140E-14));
#602=DIRECTION('',(0.E0,-1.E0,0.E0));
#603=DIRECTION('',(0.E0,0.E0,1.E0));
#604=AXIS2_PLACEMENT_3D('',#601,#602,#603);
#606=CURVE_STYLE('',#49,POSITIVE_LENGTH_MEASURE(2.E-2),#9);
#607=PRESENTATION_STYLE_ASSIGNMENT((#606));
#608=STYLED_ITEM('',(#607),#605);
#609=CARTESIAN_POINT('',(1.017579849447E2,8.E0,5.875E1));
#610=DIRECTION('',(0.E0,-1.E0,0.E0));
#611=DIRECTION('',(5.E-1,0.E0,-8.660254037844E-1));
#612=AXIS2_PLACEMENT_3D('',#609,#610,#611);
#614=CURVE_STYLE('',#49,POSITIVE_LENGTH_MEASURE(2.E-2),#9);
#615=PRESENTATION_STYLE_ASSIGNMENT((#614));
#616=STYLED_ITEM('',(#615),#613);
#617=CARTESIAN_POINT('',(1.017579849447E2,8.E0,5.875E1));
#618=DIRECTION('',(0.E0,-1.E0,0.E0));
#619=DIRECTION('',(-5.E-1,0.E0,8.660254037844E-1));
#620=AXIS2_PLACEMENT_3D('',#617,#618,#619);
#622=CURVE_STYLE('',#49,POSITIVE_LENGTH_MEASURE(2.E-2),#9);
#623=PRESENTATION_STYLE_ASSIGNMENT((#622));
#624=STYLED_ITEM('',(#623),#621);
#625=CARTESIAN_POINT('',(5.875E1,8.E0,1.017579849447E2));
#626=DIRECTION('',(0.E0,-1.E0,0.E0));
#627=DIRECTION('',(8.660254037844E-1,0.E0,-5.E-1));
#628=AXIS2_PLACEMENT_3D('',#625,#626,#627);
#630=CURVE_STYLE('',#49,POSITIVE_LENGTH_MEASURE(2.E-2),#9);
#631=PRESENTATION_STYLE_ASSIGNMENT((#630));
#632=STYLED_ITEM('',(#631),#629);
#633=CARTESIAN_POINT('',(5.875E1,8.E0,1.017579849447E2));
#634=DIRECTION('',(0.E0,-1.E0,0.E0));
#635=DIRECTION('',(-8.660254037844E-1,0.E0,5.E-1));
#636=AXIS2_PLACEMENT_3D('',#633,#634,#635);
#638=CURVE_STYLE('',#49,POSITIVE_LENGTH_MEASURE(2.E-2),#9);
#639=PRESENTATION_STYLE_ASSIGNMENT((#638));
#640=STYLED_ITEM('',(#639),#637);
#641=CARTESIAN_POINT('',(1.225103414612E-14,8.E0,0.E0));
#642=DIRECTION('',(0.E0,1.E0,0.E0));
#643=DIRECTION('',(1.E0,0.E0,0.E0));
#644=AXIS2_PLACEMENT_3D('',#641,#642,#643);
#646=CURVE_STYLE('',#49,POSITIVE_LENGTH_MEASURE(2.E-2),#9);
#647=PRESENTATION_STYLE_ASSIGNMENT((#646));
#648=STYLED_ITEM('',(#647),#645);
#649=CARTESIAN_POINT('',(1.08E2,0.E0,0.E0));
#650=DIRECTION('',(0.E0,0.E0,1.E0));
#651=DIRECTION('',(0.E0,1.E0,0.E0));
#652=AXIS2_PLACEMENT_3D('',#649,#650,#651);
#654=CURVE_STYLE('',#49,POSITIVE_LENGTH_MEASURE(2.E-2),#9);
#655=PRESENTATION_STYLE_ASSIGNMENT((#654));
#656=STYLED_ITEM('',(#655),#653);
#657=CARTESIAN_POINT('',(1.225103414612E-14,8.E0,0.E0));
#658=DIRECTION('',(0.E0,-1.E0,0.E0));
#659=DIRECTION('',(1.E0,0.E0,0.E0));
#660=AXIS2_PLACEMENT_3D('',#657,#658,#659);
#662=CURVE_STYLE('',#49,POSITIVE_LENGTH_MEASURE(2.E-2),#9);
#663=PRESENTATION_STYLE_ASSIGNMENT((#662));
#664=STYLED_ITEM('',(#663),#661);
#665=CARTESIAN_POINT('',(-1.08E2,0.E0,-3.473544923302E-14));
#666=DIRECTION('',(0.E0,0.E0,-1.E0));
#667=DIRECTION('',(0.E0,1.E0,0.E0));
#668=AXIS2_PLACEMENT_3D('',#665,#666,#667);
#670=CURVE_STYLE('',#49,POSITIVE_LENGTH_MEASURE(2.E-2),#9);
#671=PRESENTATION_STYLE_ASSIGNMENT((#670));
#672=STYLED_ITEM('',(#671),#669);
#673=DIRECTION('',(0.E0,-1.E0,0.E0));
#674=VECTOR('',#673,1.88E2);
#675=CARTESIAN_POINT('',(1.E2,0.E0,0.E0));
#676=LINE('',#675,#674);
#677=CURVE_STYLE('',#49,POSITIVE_LENGTH_MEASURE(2.E-2),#9);
#678=PRESENTATION_STYLE_ASSIGNMENT((#677));
#679=STYLED_ITEM('',(#678),#676);
#680=CARTESIAN_POINT('',(1.176117542646E-14,0.E0,0.E0));
#681=DIRECTION('',(0.E0,-1.E0,0.E0));
#682=DIRECTION('',(1.E0,0.E0,0.E0));
#683=AXIS2_PLACEMENT_3D('',#680,#681,#682);
#685=CURVE_STYLE('',#49,POSITIVE_LENGTH_MEASURE(2.E-2),#9);
#686=PRESENTATION_STYLE_ASSIGNMENT((#685));
#687=STYLED_ITEM('',(#686),#684);
#688=DIRECTION('',(0.E0,-1.E0,0.E0));
#689=VECTOR('',#688,1.88E2);
#690=CARTESIAN_POINT('',(-1.E2,0.E0,-2.220446049250E-14));
#691=LINE('',#690,#689);
#692=CURVE_STYLE('',#49,POSITIVE_LENGTH_MEASURE(2.E-2),#9);
#693=PRESENTATION_STYLE_ASSIGNMENT((#692));
#694=STYLED_ITEM('',(#693),#691);
#695=CARTESIAN_POINT('',(1.176117542646E-14,0.E0,0.E0));
#696=DIRECTION('',(0.E0,1.E0,0.E0));
#697=DIRECTION('',(1.E0,0.E0,0.E0));
#698=AXIS2_PLACEMENT_3D('',#695,#696,#697);
#700=CURVE_STYLE('',#49,POSITIVE_LENGTH_MEASURE(2.E-2),#9);
#701=PRESENTATION_STYLE_ASSIGNMENT((#700));
#702=STYLED_ITEM('',(#701),#699);
#703=CARTESIAN_POINT('',(0.E0,-1.88E2,0.E0));
#704=DIRECTION('',(0.E0,-1.E0,0.E0));
#705=DIRECTION('',(1.E0,0.E0,0.E0));
#706=AXIS2_PLACEMENT_3D('',#703,#704,#705);
#708=CURVE_STYLE('',#49,POSITIVE_LENGTH_MEASURE(2.E-2),#9);
#709=PRESENTATION_STYLE_ASSIGNMENT((#708));
#710=STYLED_ITEM('',(#709),#707);
#711=CARTESIAN_POINT('',(0.E0,-1.88E2,0.E0));
#712=DIRECTION('',(0.E0,1.E0,0.E0));
#713=DIRECTION('',(1.E0,0.E0,0.E0));
#714=AXIS2_PLACEMENT_3D('',#711,#712,#713);
#716=CURVE_STYLE('',#49,POSITIVE_LENGTH_MEASURE(2.E-2),#9);
#717=PRESENTATION_STYLE_ASSIGNMENT((#716));
#718=STYLED_ITEM('',(#717),#715);
#719=DIRECTION('',(0.E0,1.E0,0.E0));
#720=VECTOR('',#719,8.E0);
#721=CARTESIAN_POINT('',(4.25E0,0.E0,1.175E2));
#722=LINE('',#721,#720);
#723=CURVE_STYLE('',#49,POSITIVE_LENGTH_MEASURE(2.E-2),#9);
#724=PRESENTATION_STYLE_ASSIGNMENT((#723));
#725=STYLED_ITEM('',(#724),#722);
#726=DIRECTION('',(0.E0,1.E0,0.E0));
#727=VECTOR('',#726,8.E0);
#728=CARTESIAN_POINT('',(-4.25E0,0.E0,1.175E2));
#729=LINE('',#728,#727);
#730=CURVE_STYLE('',#49,POSITIVE_LENGTH_MEASURE(2.E-2),#9);
#731=PRESENTATION_STYLE_ASSIGNMENT((#730));
#732=STYLED_ITEM('',(#731),#729);
#733=DIRECTION('',(0.E0,1.E0,0.E0));
#734=VECTOR('',#733,8.E0);
#735=CARTESIAN_POINT('',(-5.506939203392E1,0.E0,1.038829849447E2));
#736=LINE('',#735,#734);
#737=CURVE_STYLE('',#49,POSITIVE_LENGTH_MEASURE(2.E-2),#9);
#738=PRESENTATION_STYLE_ASSIGNMENT((#737));
#739=STYLED_ITEM('',(#738),#736);
#740=DIRECTION('',(0.E0,1.E0,0.E0));
#741=VECTOR('',#740,8.E0);
#742=CARTESIAN_POINT('',(-6.243060796608E1,0.E0,9.963298494467E1));
#743=LINE('',#742,#741);
#744=CURVE_STYLE('',#49,POSITIVE_LENGTH_MEASURE(2.E-2),#9);
#745=PRESENTATION_STYLE_ASSIGNMENT((#744));
#746=STYLED_ITEM('',(#745),#743);
#747=DIRECTION('',(0.E0,1.E0,0.E0));
#748=VECTOR('',#747,8.E0);
#749=CARTESIAN_POINT('',(-9.963298494467E1,0.E0,6.243060796608E1));
#750=LINE('',#749,#748);
#751=CURVE_STYLE('',#49,POSITIVE_LENGTH_MEASURE(2.E-2),#9);
#752=PRESENTATION_STYLE_ASSIGNMENT((#751));
#753=STYLED_ITEM('',(#752),#750);
#754=DIRECTION('',(0.E0,1.E0,0.E0));
#755=VECTOR('',#754,8.E0);
#756=CARTESIAN_POINT('',(-1.038829849447E2,0.E0,5.506939203392E1));
#757=LINE('',#756,#755);
#758=CURVE_STYLE('',#49,POSITIVE_LENGTH_MEASURE(2.E-2),#9);
#759=PRESENTATION_STYLE_ASSIGNMENT((#758));
#760=STYLED_ITEM('',(#759),#757);
#761=DIRECTION('',(0.E0,1.E0,0.E0));
#762=VECTOR('',#761,8.E0);
#763=CARTESIAN_POINT('',(-1.175E2,0.E0,4.25E0));
#764=LINE('',#763,#762);
#765=CURVE_STYLE('',#49,POSITIVE_LENGTH_MEASURE(2.E-2),#9);
#766=PRESENTATION_STYLE_ASSIGNMENT((#765));
#767=STYLED_ITEM('',(#766),#764);
#768=DIRECTION('',(0.E0,1.E0,0.E0));
#769=VECTOR('',#768,8.E0);
#770=CARTESIAN_POINT('',(-1.175E2,0.E0,-4.25E0));
#771=LINE('',#770,#769);
#772=CURVE_STYLE('',#49,POSITIVE_LENGTH_MEASURE(2.E-2),#9);
#773=PRESENTATION_STYLE_ASSIGNMENT((#772));
#774=STYLED_ITEM('',(#773),#771);
#775=DIRECTION('',(0.E0,1.E0,0.E0));
#776=VECTOR('',#775,8.E0);
#777=CARTESIAN_POINT('',(-1.038829849447E2,0.E0,-5.506939203392E1));
#778=LINE('',#777,#776);
#779=CURVE_STYLE('',#49,POSITIVE_LENGTH_MEASURE(2.E-2),#9);
#780=PRESENTATION_STYLE_ASSIGNMENT((#779));
#781=STYLED_ITEM('',(#780),#778);
#782=DIRECTION('',(0.E0,1.E0,0.E0));
#783=VECTOR('',#782,8.E0);
#784=CARTESIAN_POINT('',(-9.963298494467E1,0.E0,-6.243060796608E1));
#785=LINE('',#784,#783);
#786=CURVE_STYLE('',#49,POSITIVE_LENGTH_MEASURE(2.E-2),#9);
#787=PRESENTATION_STYLE_ASSIGNMENT((#786));
#788=STYLED_ITEM('',(#787),#785);
#789=DIRECTION('',(0.E0,1.E0,0.E0));
#790=VECTOR('',#789,8.E0);
#791=CARTESIAN_POINT('',(-6.243060796608E1,0.E0,-9.963298494467E1));
#792=LINE('',#791,#790);
#793=CURVE_STYLE('',#49,POSITIVE_LENGTH_MEASURE(2.E-2),#9);
#794=PRESENTATION_STYLE_ASSIGNMENT((#793));
#795=STYLED_ITEM('',(#794),#792);
#796=DIRECTION('',(0.E0,1.E0,0.E0));
#797=VECTOR('',#796,8.E0);
#798=CARTESIAN_POINT('',(-5.506939203392E1,0.E0,-1.038829849447E2));
#799=LINE('',#798,#797);
#800=CURVE_STYLE('',#49,POSITIVE_LENGTH_MEASURE(2.E-2),#9);
#801=PRESENTATION_STYLE_ASSIGNMENT((#800));
#802=STYLED_ITEM('',(#801),#799);
#803=DIRECTION('',(0.E0,1.E0,0.E0));
#804=VECTOR('',#803,8.E0);
#805=CARTESIAN_POINT('',(-4.25E0,0.E0,-1.175E2));
#806=LINE('',#805,#804);
#807=CURVE_STYLE('',#49,POSITIVE_LENGTH_MEASURE(2.E-2),#9);
#808=PRESENTATION_STYLE_ASSIGNMENT((#807));
#809=STYLED_ITEM('',(#808),#806);
#810=DIRECTION('',(0.E0,1.E0,0.E0));
#811=VECTOR('',#810,8.E0);
#812=CARTESIAN_POINT('',(4.25E0,0.E0,-1.175E2));
#813=LINE('',#812,#811);
#814=CURVE_STYLE('',#49,POSITIVE_LENGTH_MEASURE(2.E-2),#9);
#815=PRESENTATION_STYLE_ASSIGNMENT((#814));
#816=STYLED_ITEM('',(#815),#813);
#817=DIRECTION('',(0.E0,1.E0,0.E0));
#818=VECTOR('',#817,8.E0);
#819=CARTESIAN_POINT('',(5.506939203392E1,0.E0,-1.038829849447E2));
#820=LINE('',#819,#818);
#821=CURVE_STYLE('',#49,POSITIVE_LENGTH_MEASURE(2.E-2),#9);
#822=PRESENTATION_STYLE_ASSIGNMENT((#821));
#823=STYLED_ITEM('',(#822),#820);
#824=DIRECTION('',(0.E0,1.E0,0.E0));
#825=VECTOR('',#824,8.E0);
#826=CARTESIAN_POINT('',(6.243060796608E1,0.E0,-9.963298494467E1));
#827=LINE('',#826,#825);
#828=CURVE_STYLE('',#49,POSITIVE_LENGTH_MEASURE(2.E-2),#9);
#829=PRESENTATION_STYLE_ASSIGNMENT((#828));
#830=STYLED_ITEM('',(#829),#827);
#831=DIRECTION('',(0.E0,1.E0,0.E0));
#832=VECTOR('',#831,8.E0);
#833=CARTESIAN_POINT('',(9.963298494467E1,0.E0,-6.243060796608E1));
#834=LINE('',#833,#832);
#835=CURVE_STYLE('',#49,POSITIVE_LENGTH_MEASURE(2.E-2),#9);
#836=PRESENTATION_STYLE_ASSIGNMENT((#835));
#837=STYLED_ITEM('',(#836),#834);
#838=DIRECTION('',(0.E0,1.E0,0.E0));
#839=VECTOR('',#838,8.E0);
#840=CARTESIAN_POINT('',(1.038829849447E2,0.E0,-5.506939203392E1));
#841=LINE('',#840,#839);
#842=CURVE_STYLE('',#49,POSITIVE_LENGTH_MEASURE(2.E-2),#9);
#843=PRESENTATION_STYLE_ASSIGNMENT((#842));
#844=STYLED_ITEM('',(#843),#841);
#845=DIRECTION('',(0.E0,1.E0,0.E0));
#846=VECTOR('',#845,8.E0);
#847=CARTESIAN_POINT('',(1.175E2,0.E0,-4.25E0));
#848=LINE('',#847,#846);
#849=CURVE_STYLE('',#49,POSITIVE_LENGTH_MEASURE(2.E-2),#9);
#850=PRESENTATION_STYLE_ASSIGNMENT((#849));
#851=STYLED_ITEM('',(#850),#848);
#852=DIRECTION('',(0.E0,1.E0,0.E0));
#853=VECTOR('',#852,8.E0);
#854=CARTESIAN_POINT('',(1.175E2,0.E0,4.25E0));
#855=LINE('',#854,#853);
#856=CURVE_STYLE('',#49,POSITIVE_LENGTH_MEASURE(2.E-2),#9);
#857=PRESENTATION_STYLE_ASSIGNMENT((#856));
#858=STYLED_ITEM('',(#857),#855);
#859=DIRECTION('',(0.E0,1.E0,0.E0));
#860=VECTOR('',#859,8.E0);
#861=CARTESIAN_POINT('',(1.038829849447E2,0.E0,5.506939203392E1));
#862=LINE('',#861,#860);
#863=CURVE_STYLE('',#49,POSITIVE_LENGTH_MEASURE(2.E-2),#9);
#864=PRESENTATION_STYLE_ASSIGNMENT((#863));
#865=STYLED_ITEM('',(#864),#862);
#866=DIRECTION('',(0.E0,1.E0,0.E0));
#867=VECTOR('',#866,8.E0);
#868=CARTESIAN_POINT('',(9.963298494467E1,0.E0,6.243060796608E1));
#869=LINE('',#868,#867);
#870=CURVE_STYLE('',#49,POSITIVE_LENGTH_MEASURE(2.E-2),#9);
#871=PRESENTATION_STYLE_ASSIGNMENT((#870));
#872=STYLED_ITEM('',(#871),#869);
#873=DIRECTION('',(0.E0,1.E0,0.E0));
#874=VECTOR('',#873,8.E0);
#875=CARTESIAN_POINT('',(6.243060796608E1,0.E0,9.963298494467E1));
#876=LINE('',#875,#874);
#877=CURVE_STYLE('',#49,POSITIVE_LENGTH_MEASURE(2.E-2),#9);
#878=PRESENTATION_STYLE_ASSIGNMENT((#877));
#879=STYLED_ITEM('',(#878),#876);
#880=DIRECTION('',(0.E0,1.E0,0.E0));
#881=VECTOR('',#880,8.E0);
#882=CARTESIAN_POINT('',(5.506939203392E1,0.E0,1.038829849447E2));
#883=LINE('',#882,#881);
#884=CURVE_STYLE('',#49,POSITIVE_LENGTH_MEASURE(2.E-2),#9);
#885=PRESENTATION_STYLE_ASSIGNMENT((#884));
#886=STYLED_ITEM('',(#885),#883);
#887=CARTESIAN_POINT('',(1.04E2,-1.92E2,0.E0));
#888=CARTESIAN_POINT('',(1.04E2,-4.E0,0.E0));
#889=VERTEX_POINT('',#887);
#890=VERTEX_POINT('',#888);
#891=CARTESIAN_POINT('',(1.3E2,0.E0,0.E0));
#892=CARTESIAN_POINT('',(1.3E2,8.E0,0.E0));
#893=VERTEX_POINT('',#891);
#894=VERTEX_POINT('',#892);
#895=CARTESIAN_POINT('',(1.E2,0.E0,0.E0));
#896=CARTESIAN_POINT('',(1.E2,-1.88E2,0.E0));
#897=VERTEX_POINT('',#895);
#898=VERTEX_POINT('',#896);
#899=CARTESIAN_POINT('',(-1.04E2,-1.92E2,-1.539509260814E-14));
#900=CARTESIAN_POINT('',(-1.04E2,-4.E0,-2.309263891220E-14));
#901=VERTEX_POINT('',#899);
#902=VERTEX_POINT('',#900);
#903=CARTESIAN_POINT('',(-1.3E2,0.E0,-1.924386576017E-14));
#904=CARTESIAN_POINT('',(-1.3E2,8.E0,-1.924386576017E-14));
#905=VERTEX_POINT('',#903);
#906=VERTEX_POINT('',#904);
#907=CARTESIAN_POINT('',(-1.E2,0.E0,-2.220446049250E-14));
#908=CARTESIAN_POINT('',(-1.E2,-1.88E2,-1.480297366167E-14));
#909=VERTEX_POINT('',#907);
#910=VERTEX_POINT('',#908);
#911=CARTESIAN_POINT('',(4.25E0,0.E0,1.175E2));
#912=CARTESIAN_POINT('',(-4.25E0,0.E0,1.175E2));
#913=VERTEX_POINT('',#911);
#914=VERTEX_POINT('',#912);
#915=CARTESIAN_POINT('',(4.25E0,8.E0,1.175E2));
#916=CARTESIAN_POINT('',(-4.25E0,8.E0,1.175E2));
#917=VERTEX_POINT('',#915);
#918=VERTEX_POINT('',#916);
#919=CARTESIAN_POINT('',(-5.506939203392E1,0.E0,1.038829849447E2));
#920=CARTESIAN_POINT('',(-6.243060796608E1,0.E0,9.963298494467E1));
#921=VERTEX_POINT('',#919);
#922=VERTEX_POINT('',#920);
#923=CARTESIAN_POINT('',(-5.506939203392E1,8.E0,1.038829849447E2));
#924=CARTESIAN_POINT('',(-6.243060796608E1,8.E0,9.963298494467E1));
#925=VERTEX_POINT('',#923);
#926=VERTEX_POINT('',#924);
#927=CARTESIAN_POINT('',(-9.963298494467E1,0.E0,6.243060796608E1));
#928=CARTESIAN_POINT('',(-1.038829849447E2,0.E0,5.506939203392E1));
#929=VERTEX_POINT('',#927);
#930=VERTEX_POINT('',#928);
#931=CARTESIAN_POINT('',(-9.963298494467E1,8.E0,6.243060796608E1));
#932=CARTESIAN_POINT('',(-1.038829849447E2,8.E0,5.506939203392E1));
#933=VERTEX_POINT('',#931);
#934=VERTEX_POINT('',#932);
#935=CARTESIAN_POINT('',(-1.175E2,0.E0,4.25E0));
#936=CARTESIAN_POINT('',(-1.175E2,0.E0,-4.25E0));
#937=VERTEX_POINT('',#935);
#938=VERTEX_POINT('',#936);
#939=CARTESIAN_POINT('',(-1.175E2,8.E0,4.25E0));
#940=CARTESIAN_POINT('',(-1.175E2,8.E0,-4.25E0));
#941=VERTEX_POINT('',#939);
#942=VERTEX_POINT('',#940);
#943=CARTESIAN_POINT('',(-1.038829849447E2,0.E0,-5.506939203392E1));
#944=CARTESIAN_POINT('',(-9.963298494467E1,0.E0,-6.243060796608E1));
#945=VERTEX_POINT('',#943);
#946=VERTEX_POINT('',#944);
#947=CARTESIAN_POINT('',(-1.038829849447E2,8.E0,-5.506939203392E1));
#948=CARTESIAN_POINT('',(-9.963298494467E1,8.E0,-6.243060796608E1));
#949=VERTEX_POINT('',#947);
#950=VERTEX_POINT('',#948);
#951=CARTESIAN_POINT('',(-6.243060796608E1,0.E0,-9.963298494467E1));
#952=CARTESIAN_POINT('',(-5.506939203392E1,0.E0,-1.038829849447E2));
#953=VERTEX_POINT('',#951);
#954=VERTEX_POINT('',#952);
#955=CARTESIAN_POINT('',(-6.243060796608E1,8.E0,-9.963298494467E1));
#956=CARTESIAN_POINT('',(-5.506939203392E1,8.E0,-1.038829849447E2));
#957=VERTEX_POINT('',#955);
#958=VERTEX_POINT('',#956);
#959=CARTESIAN_POINT('',(-4.25E0,0.E0,-1.175E2));
#960=CARTESIAN_POINT('',(4.25E0,0.E0,-1.175E2));
#961=VERTEX_POINT('',#959);
#962=VERTEX_POINT('',#960);
#963=CARTESIAN_POINT('',(-4.25E0,8.E0,-1.175E2));
#964=CARTESIAN_POINT('',(4.25E0,8.E0,-1.175E2));
#965=VERTEX_POINT('',#963);
#966=VERTEX_POINT('',#964);
#967=CARTESIAN_POINT('',(5.506939203392E1,0.E0,-1.038829849447E2));
#968=CARTESIAN_POINT('',(6.243060796608E1,0.E0,-9.963298494467E1));
#969=VERTEX_POINT('',#967);
#970=VERTEX_POINT('',#968);
#971=CARTESIAN_POINT('',(5.506939203392E1,8.E0,-1.038829849447E2));
#972=CARTESIAN_POINT('',(6.243060796608E1,8.E0,-9.963298494467E1));
#973=VERTEX_POINT('',#971);
#974=VERTEX_POINT('',#972);
#975=CARTESIAN_POINT('',(9.963298494467E1,0.E0,-6.243060796608E1));
#976=CARTESIAN_POINT('',(1.038829849447E2,0.E0,-5.506939203392E1));
#977=VERTEX_POINT('',#975);
#978=VERTEX_POINT('',#976);
#979=CARTESIAN_POINT('',(9.963298494467E1,8.E0,-6.243060796608E1));
#980=CARTESIAN_POINT('',(1.038829849447E2,8.E0,-5.506939203392E1));
#981=VERTEX_POINT('',#979);
#982=VERTEX_POINT('',#980);
#983=CARTESIAN_POINT('',(1.175E2,0.E0,-4.25E0));
#984=CARTESIAN_POINT('',(1.175E2,0.E0,4.25E0));
#985=VERTEX_POINT('',#983);
#986=VERTEX_POINT('',#984);
#987=CARTESIAN_POINT('',(1.175E2,8.E0,-4.25E0));
#988=CARTESIAN_POINT('',(1.175E2,8.E0,4.25E0));
#989=VERTEX_POINT('',#987);
#990=VERTEX_POINT('',#988);
#991=CARTESIAN_POINT('',(1.038829849447E2,0.E0,5.506939203392E1));
#992=CARTESIAN_POINT('',(9.963298494467E1,0.E0,6.243060796608E1));
#993=VERTEX_POINT('',#991);
#994=VERTEX_POINT('',#992);
#995=CARTESIAN_POINT('',(1.038829849447E2,8.E0,5.506939203392E1));
#996=CARTESIAN_POINT('',(9.963298494467E1,8.E0,6.243060796608E1));
#997=VERTEX_POINT('',#995);
#998=VERTEX_POINT('',#996);
#999=CARTESIAN_POINT('',(6.243060796608E1,0.E0,9.963298494467E1));
#1000=CARTESIAN_POINT('',(5.506939203392E1,0.E0,1.038829849447E2));
#1001=VERTEX_POINT('',#999);
#1002=VERTEX_POINT('',#1000);
#1003=CARTESIAN_POINT('',(6.243060796608E1,8.E0,9.963298494467E1));
#1004=CARTESIAN_POINT('',(5.506939203392E1,8.E0,1.038829849447E2));
#1005=VERTEX_POINT('',#1003);
#1006=VERTEX_POINT('',#1004);
#1007=CARTESIAN_POINT('',(1.08E2,0.E0,0.E0));
#1008=VERTEX_POINT('',#1007);
#1009=CARTESIAN_POINT('',(1.08E2,8.E0,0.E0));
#1010=VERTEX_POINT('',#1009);
#1011=CARTESIAN_POINT('',(-1.08E2,0.E0,-3.473544923302E-14));
#1012=VERTEX_POINT('',#1011);
#1013=CARTESIAN_POINT('',(-1.08E2,8.E0,-3.473544923302E-14));
#1014=VERTEX_POINT('',#1013);
#1015=VERTEX_POINT('',#75);
#1016=VERTEX_POINT('',#114);
#1017=CARTESIAN_POINT('',(0.E0,-2.02E2,0.E0));
#1018=DIRECTION('',(0.E0,1.E0,0.E0));
#1019=DIRECTION('',(1.E0,0.E0,0.E0));
#1020=AXIS2_PLACEMENT_3D('',#1017,#1018,#1019);
#1021=CYLINDRICAL_SURFACE('',#1020,1.04E2);
#1023=ORIENTED_EDGE('',*,*,#1022,.T.);
#1025=ORIENTED_EDGE('',*,*,#1024,.T.);
#1027=ORIENTED_EDGE('',*,*,#1026,.F.);
#1029=ORIENTED_EDGE('',*,*,#1028,.F.);
#1030=EDGE_LOOP('',(#1023,#1025,#1027,#1029));
#1031=FACE_OUTER_BOUND('',#1030,.F.);
#1033=FILL_AREA_STYLE_COLOUR('',#9);
#1034=FILL_AREA_STYLE('',(#1033));
#1035=SURFACE_STYLE_FILL_AREA(#1034);
#1036=SURFACE_SIDE_STYLE('',(#1035));
#1037=SURFACE_STYLE_USAGE(.BOTH.,#1036);
#1038=PRESENTATION_STYLE_ASSIGNMENT((#1037));
#1039=STYLED_ITEM('',(#1038),#1032);
#1040=CARTESIAN_POINT('',(0.E0,-2.02E2,0.E0));
#1041=DIRECTION('',(0.E0,1.E0,0.E0));
#1042=DIRECTION('',(1.E0,0.E0,0.E0));
#1043=AXIS2_PLACEMENT_3D('',#1040,#1041,#1042);
#1044=CYLINDRICAL_SURFACE('',#1043,1.04E2);
#1045=ORIENTED_EDGE('',*,*,#1022,.F.);
#1047=ORIENTED_EDGE('',*,*,#1046,.T.);
#1048=ORIENTED_EDGE('',*,*,#1026,.T.);
#1050=ORIENTED_EDGE('',*,*,#1049,.F.);
#1051=EDGE_LOOP('',(#1045,#1047,#1048,#1050));
#1052=FACE_OUTER_BOUND('',#1051,.F.);
#1054=FILL_AREA_STYLE_COLOUR('',#9);
#1055=FILL_AREA_STYLE('',(#1054));
#1056=SURFACE_STYLE_FILL_AREA(#1055);
#1057=SURFACE_SIDE_STYLE('',(#1056));
#1058=SURFACE_STYLE_USAGE(.BOTH.,#1057);
#1059=PRESENTATION_STYLE_ASSIGNMENT((#1058));
#1060=STYLED_ITEM('',(#1059),#1053);
#1061=CARTESIAN_POINT('',(0.E0,-1.92E2,0.E0));
#1062=DIRECTION('',(0.E0,1.E0,0.E0));
#1063=DIRECTION('',(1.E0,0.E0,0.E0));
#1064=AXIS2_PLACEMENT_3D('',#1061,#1062,#1063);
#1065=PLANE('',#1064);
#1066=ORIENTED_EDGE('',*,*,#1046,.F.);
#1067=ORIENTED_EDGE('',*,*,#1028,.T.);
#1068=EDGE_LOOP('',(#1066,#1067));
#1069=FACE_OUTER_BOUND('',#1068,.F.);
#1071=ORIENTED_EDGE('',*,*,#1070,.F.);
#1073=ORIENTED_EDGE('',*,*,#1072,.T.);
#1074=EDGE_LOOP('',(#1071,#1073));
#1075=FACE_BOUND('',#1074,.F.);
#1077=FILL_AREA_STYLE_COLOUR('',#9);
#1078=FILL_AREA_STYLE('',(#1077));
#1079=SURFACE_STYLE_FILL_AREA(#1078);
#1080=SURFACE_SIDE_STYLE('',(#1079));
#1081=SURFACE_STYLE_USAGE(.BOTH.,#1080);
#1082=PRESENTATION_STYLE_ASSIGNMENT((#1081));
#1083=STYLED_ITEM('',(#1082),#1076);
#1084=CARTESIAN_POINT('',(0.E0,-1.92E2,0.E0));
#1085=DIRECTION('',(0.E0,1.E0,0.E0));
#1086=DIRECTION('',(1.E0,0.E0,0.E0));
#1087=AXIS2_PLACEMENT_3D('',#1084,#1085,#1086);
#1088=PLANE('',#1087);
#1089=ORIENTED_EDGE('',*,*,#1072,.F.);
#1090=ORIENTED_EDGE('',*,*,#1070,.T.);
#1091=EDGE_LOOP('',(#1089,#1090));
#1092=FACE_OUTER_BOUND('',#1091,.F.);
#1094=FILL_AREA_STYLE_COLOUR('',#9);
#1095=FILL_AREA_STYLE('',(#1094));
#1096=SURFACE_STYLE_FILL_AREA(#1095);
#1097=SURFACE_SIDE_STYLE('',(#1096));
#1098=SURFACE_STYLE_USAGE(.BOTH.,#1097);
#1099=PRESENTATION_STYLE_ASSIGNMENT((#1098));
#1100=STYLED_ITEM('',(#1099),#1093);
#1101=CARTESIAN_POINT('',(1.151624606663E-14,-4.E0,0.E0));
#1102=DIRECTION('',(0.E0,1.E0,0.E0));
#1103=DIRECTION('',(1.E0,0.E0,0.E0));
#1104=AXIS2_PLACEMENT_3D('',#1101,#1102,#1103);
#1105=TOROIDAL_SURFACE('',#1104,1.08E2,4.E0);
#1107=ORIENTED_EDGE('',*,*,#1106,.F.);
#1108=ORIENTED_EDGE('',*,*,#1049,.T.);
#1110=ORIENTED_EDGE('',*,*,#1109,.T.);
#1112=ORIENTED_EDGE('',*,*,#1111,.F.);
#1113=EDGE_LOOP('',(#1107,#1108,#1110,#1112));
#1114=FACE_OUTER_BOUND('',#1113,.F.);
#1116=FILL_AREA_STYLE_COLOUR('',#9);
#1117=FILL_AREA_STYLE('',(#1116));
#1118=SURFACE_STYLE_FILL_AREA(#1117);
#1119=SURFACE_SIDE_STYLE('',(#1118));
#1120=SURFACE_STYLE_USAGE(.BOTH.,#1119);
#1121=PRESENTATION_STYLE_ASSIGNMENT((#1120));
#1122=STYLED_ITEM('',(#1121),#1115);
#1123=CARTESIAN_POINT('',(1.151624606663E-14,-4.E0,0.E0));
#1124=DIRECTION('',(0.E0,1.E0,0.E0));
#1125=DIRECTION('',(1.E0,0.E0,0.E0));
#1126=AXIS2_PLACEMENT_3D('',#1123,#1124,#1125);
#1127=TOROIDAL_SURFACE('',#1126,1.08E2,4.E0);
#1128=ORIENTED_EDGE('',*,*,#1106,.T.);
#1130=ORIENTED_EDGE('',*,*,#1129,.T.);
#1131=ORIENTED_EDGE('',*,*,#1109,.F.);
#1132=ORIENTED_EDGE('',*,*,#1024,.F.);
#1133=EDGE_LOOP('',(#1128,#1130,#1131,#1132));
#1134=FACE_OUTER_BOUND('',#1133,.F.);
#1136=FILL_AREA_STYLE_COLOUR('',#9);
#1137=FILL_AREA_STYLE('',(#1136));
#1138=SURFACE_STYLE_FILL_AREA(#1137);
#1139=SURFACE_SIDE_STYLE('',(#1138));
#1140=SURFACE_STYLE_USAGE(.BOTH.,#1139);
#1141=PRESENTATION_STYLE_ASSIGNMENT((#1140));
#1142=STYLED_ITEM('',(#1141),#1135);
#1143=CARTESIAN_POINT('',(1.176117542646E-14,0.E0,0.E0));
#1144=DIRECTION('',(0.E0,1.E0,0.E0));
#1145=DIRECTION('',(1.E0,0.E0,0.E0));
#1146=AXIS2_PLACEMENT_3D('',#1143,#1144,#1145);
#1147=PLANE('',#1146);
#1149=ORIENTED_EDGE('',*,*,#1148,.T.);
#1151=ORIENTED_EDGE('',*,*,#1150,.F.);
#1152=EDGE_LOOP('',(#1149,#1151));
#1153=FACE_OUTER_BOUND('',#1152,.F.);
#1154=ORIENTED_EDGE('',*,*,#1111,.T.);
#1155=ORIENTED_EDGE('',*,*,#1129,.F.);
#1156=EDGE_LOOP('',(#1154,#1155));
#1157=FACE_BOUND('',#1156,.F.);
#1159=ORIENTED_EDGE('',*,*,#1158,.T.);
#1161=ORIENTED_EDGE('',*,*,#1160,.T.);
#1162=EDGE_LOOP('',(#1159,#1161));
#1163=FACE_BOUND('',#1162,.F.);
#1165=ORIENTED_EDGE('',*,*,#1164,.T.);
#1167=ORIENTED_EDGE('',*,*,#1166,.T.);
#1168=EDGE_LOOP('',(#1165,#1167));
#1169=FACE_BOUND('',#1168,.F.);
#1171=ORIENTED_EDGE('',*,*,#1170,.T.);
#1173=ORIENTED_EDGE('',*,*,#1172,.T.);
#1174=EDGE_LOOP('',(#1171,#1173));
#1175=FACE_BOUND('',#1174,.F.);
#1177=ORIENTED_EDGE('',*,*,#1176,.T.);
#1179=ORIENTED_EDGE('',*,*,#1178,.T.);
#1180=EDGE_LOOP('',(#1177,#1179));
#1181=FACE_BOUND('',#1180,.F.);
#1183=ORIENTED_EDGE('',*,*,#1182,.T.);
#1185=ORIENTED_EDGE('',*,*,#1184,.T.);
#1186=EDGE_LOOP('',(#1183,#1185));
#1187=FACE_BOUND('',#1186,.F.);
#1189=ORIENTED_EDGE('',*,*,#1188,.T.);
#1191=ORIENTED_EDGE('',*,*,#1190,.T.);
#1192=EDGE_LOOP('',(#1189,#1191));
#1193=FACE_BOUND('',#1192,.F.);
#1195=ORIENTED_EDGE('',*,*,#1194,.T.);
#1197=ORIENTED_EDGE('',*,*,#1196,.T.);
#1198=EDGE_LOOP('',(#1195,#1197));
#1199=FACE_BOUND('',#1198,.F.);
#1201=ORIENTED_EDGE('',*,*,#1200,.T.);
#1203=ORIENTED_EDGE('',*,*,#1202,.T.);
#1204=EDGE_LOOP('',(#1201,#1203));
#1205=FACE_BOUND('',#1204,.F.);
#1207=ORIENTED_EDGE('',*,*,#1206,.T.);
#1209=ORIENTED_EDGE('',*,*,#1208,.T.);
#1210=EDGE_LOOP('',(#1207,#1209));
#1211=FACE_BOUND('',#1210,.F.);
#1213=ORIENTED_EDGE('',*,*,#1212,.T.);
#1215=ORIENTED_EDGE('',*,*,#1214,.T.);
#1216=EDGE_LOOP('',(#1213,#1215));
#1217=FACE_BOUND('',#1216,.F.);
#1219=ORIENTED_EDGE('',*,*,#1218,.T.);
#1221=ORIENTED_EDGE('',*,*,#1220,.T.);
#1222=EDGE_LOOP('',(#1219,#1221));
#1223=FACE_BOUND('',#1222,.F.);
#1225=ORIENTED_EDGE('',*,*,#1224,.T.);
#1227=ORIENTED_EDGE('',*,*,#1226,.T.);
#1228=EDGE_LOOP('',(#1225,#1227));
#1229=FACE_BOUND('',#1228,.F.);
#1231=FILL_AREA_STYLE_COLOUR('',#9);
#1232=FILL_AREA_STYLE('',(#1231));
#1233=SURFACE_STYLE_FILL_AREA(#1232);
#1234=SURFACE_SIDE_STYLE('',(#1233));
#1235=SURFACE_STYLE_USAGE(.BOTH.,#1234);
#1236=PRESENTATION_STYLE_ASSIGNMENT((#1235));
#1237=STYLED_ITEM('',(#1236),#1230);
#1238=CARTESIAN_POINT('',(0.E0,-2.02E2,0.E0));
#1239=DIRECTION('',(0.E0,1.E0,0.E0));
#1240=DIRECTION('',(1.E0,0.E0,0.E0));
#1241=AXIS2_PLACEMENT_3D('',#1238,#1239,#1240);
#1242=CYLINDRICAL_SURFACE('',#1241,1.3E2);
#1244=ORIENTED_EDGE('',*,*,#1243,.T.);
#1246=ORIENTED_EDGE('',*,*,#1245,.T.);
#1248=ORIENTED_EDGE('',*,*,#1247,.F.);
#1249=ORIENTED_EDGE('',*,*,#1148,.F.);
#1250=EDGE_LOOP('',(#1244,#1246,#1248,#1249));
#1251=FACE_OUTER_BOUND('',#1250,.F.);
#1253=FILL_AREA_STYLE_COLOUR('',#9);
#1254=FILL_AREA_STYLE('',(#1253));
#1255=SURFACE_STYLE_FILL_AREA(#1254);
#1256=SURFACE_SIDE_STYLE('',(#1255));
#1257=SURFACE_STYLE_USAGE(.BOTH.,#1256);
#1258=PRESENTATION_STYLE_ASSIGNMENT((#1257));
#1259=STYLED_ITEM('',(#1258),#1252);
#1260=CARTESIAN_POINT('',(0.E0,-2.02E2,0.E0));
#1261=DIRECTION('',(0.E0,1.E0,0.E0));
#1262=DIRECTION('',(1.E0,0.E0,0.E0));
#1263=AXIS2_PLACEMENT_3D('',#1260,#1261,#1262);
#1264=CYLINDRICAL_SURFACE('',#1263,1.3E2);
#1265=ORIENTED_EDGE('',*,*,#1243,.F.);
#1266=ORIENTED_EDGE('',*,*,#1150,.T.);
#1267=ORIENTED_EDGE('',*,*,#1247,.T.);
#1269=ORIENTED_EDGE('',*,*,#1268,.F.);
#1270=EDGE_LOOP('',(#1265,#1266,#1267,#1269));
#1271=FACE_OUTER_BOUND('',#1270,.F.);
#1273=FILL_AREA_STYLE_COLOUR('',#9);
#1274=FILL_AREA_STYLE('',(#1273));
#1275=SURFACE_STYLE_FILL_AREA(#1274);
#1276=SURFACE_SIDE_STYLE('',(#1275));
#1277=SURFACE_STYLE_USAGE(.BOTH.,#1276);
#1278=PRESENTATION_STYLE_ASSIGNMENT((#1277));
#1279=STYLED_ITEM('',(#1278),#1272);
#1280=CARTESIAN_POINT('',(1.225103414612E-14,8.E0,0.E0));
#1281=DIRECTION('',(0.E0,1.E0,0.E0));
#1282=DIRECTION('',(1.E0,0.E0,0.E0));
#1283=AXIS2_PLACEMENT_3D('',#1280,#1281,#1282);
#1284=PLANE('',#1283);
#1285=ORIENTED_EDGE('',*,*,#1268,.T.);
#1286=ORIENTED_EDGE('',*,*,#1245,.F.);
#1287=EDGE_LOOP('',(#1285,#1286));
#1288=FACE_OUTER_BOUND('',#1287,.F.);
#1290=ORIENTED_EDGE('',*,*,#1289,.T.);
#1292=ORIENTED_EDGE('',*,*,#1291,.F.);
#1293=EDGE_LOOP('',(#1290,#1292));
#1294=FACE_BOUND('',#1293,.F.);
#1296=ORIENTED_EDGE('',*,*,#1295,.F.);
#1298=ORIENTED_EDGE('',*,*,#1297,.F.);
#1299=EDGE_LOOP('',(#1296,#1298));
#1300=FACE_BOUND('',#1299,.F.);
#1302=ORIENTED_EDGE('',*,*,#1301,.F.);
#1304=ORIENTED_EDGE('',*,*,#1303,.F.);
#1305=EDGE_LOOP('',(#1302,#1304));
#1306=FACE_BOUND('',#1305,.F.);
#1308=ORIENTED_EDGE('',*,*,#1307,.F.);
#1310=ORIENTED_EDGE('',*,*,#1309,.F.);
#1311=EDGE_LOOP('',(#1308,#1310));
#1312=FACE_BOUND('',#1311,.F.);
#1314=ORIENTED_EDGE('',*,*,#1313,.F.);
#1316=ORIENTED_EDGE('',*,*,#1315,.F.);
#1317=EDGE_LOOP('',(#1314,#1316));
#1318=FACE_BOUND('',#1317,.F.);
#1320=ORIENTED_EDGE('',*,*,#1319,.F.);
#1322=ORIENTED_EDGE('',*,*,#1321,.F.);
#1323=EDGE_LOOP('',(#1320,#1322));
#1324=FACE_BOUND('',#1323,.F.);
#1326=ORIENTED_EDGE('',*,*,#1325,.F.);
#1328=ORIENTED_EDGE('',*,*,#1327,.F.);
#1329=EDGE_LOOP('',(#1326,#1328));
#1330=FACE_BOUND('',#1329,.F.);
#1332=ORIENTED_EDGE('',*,*,#1331,.F.);
#1334=ORIENTED_EDGE('',*,*,#1333,.F.);
#1335=EDGE_LOOP('',(#1332,#1334));
#1336=FACE_BOUND('',#1335,.F.);
#1338=ORIENTED_EDGE('',*,*,#1337,.F.);
#1340=ORIENTED_EDGE('',*,*,#1339,.F.);
#1341=EDGE_LOOP('',(#1338,#1340));
#1342=FACE_BOUND('',#1341,.F.);
#1344=ORIENTED_EDGE('',*,*,#1343,.F.);
#1346=ORIENTED_EDGE('',*,*,#1345,.F.);
#1347=EDGE_LOOP('',(#1344,#1346));
#1348=FACE_BOUND('',#1347,.F.);
#1350=ORIENTED_EDGE('',*,*,#1349,.F.);
#1352=ORIENTED_EDGE('',*,*,#1351,.F.);
#1353=EDGE_LOOP('',(#1350,#1352));
#1354=FACE_BOUND('',#1353,.F.);
#1356=ORIENTED_EDGE('',*,*,#1355,.F.);
#1358=ORIENTED_EDGE('',*,*,#1357,.F.);
#1359=EDGE_LOOP('',(#1356,#1358));
#1360=FACE_BOUND('',#1359,.F.);
#1362=ORIENTED_EDGE('',*,*,#1361,.F.);
#1364=ORIENTED_EDGE('',*,*,#1363,.F.);
#1365=EDGE_LOOP('',(#1362,#1364));
#1366=FACE_BOUND('',#1365,.F.);
#1368=FILL_AREA_STYLE_COLOUR('',#9);
#1369=FILL_AREA_STYLE('',(#1368));
#1370=SURFACE_STYLE_FILL_AREA(#1369);
#1371=SURFACE_SIDE_STYLE('',(#1370));
#1372=SURFACE_STYLE_USAGE(.BOTH.,#1371);
#1373=PRESENTATION_STYLE_ASSIGNMENT((#1372));
#1374=STYLED_ITEM('',(#1373),#1367);
#1375=CARTESIAN_POINT('',(1.176117542646E-14,0.E0,0.E0));
#1376=DIRECTION('',(0.E0,1.E0,0.E0));
#1377=DIRECTION('',(1.E0,0.E0,0.E0));
#1378=AXIS2_PLACEMENT_3D('',#1375,#1376,#1377);
#1379=TOROIDAL_SURFACE('',#1378,1.08E2,8.E0);
#1381=ORIENTED_EDGE('',*,*,#1380,.T.);
#1383=ORIENTED_EDGE('',*,*,#1382,.T.);
#1385=ORIENTED_EDGE('',*,*,#1384,.F.);
#1386=ORIENTED_EDGE('',*,*,#1289,.F.);
#1387=EDGE_LOOP('',(#1381,#1383,#1385,#1386));
#1388=FACE_OUTER_BOUND('',#1387,.F.);
#1390=FILL_AREA_STYLE_COLOUR('',#9);
#1391=FILL_AREA_STYLE('',(#1390));
#1392=SURFACE_STYLE_FILL_AREA(#1391);
#1393=SURFACE_SIDE_STYLE('',(#1392));
#1394=SURFACE_STYLE_USAGE(.BOTH.,#1393);
#1395=PRESENTATION_STYLE_ASSIGNMENT((#1394));
#1396=STYLED_ITEM('',(#1395),#1389);
#1397=CARTESIAN_POINT('',(1.176117542646E-14,0.E0,0.E0));
#1398=DIRECTION('',(0.E0,1.E0,0.E0));
#1399=DIRECTION('',(1.E0,0.E0,0.E0));
#1400=AXIS2_PLACEMENT_3D('',#1397,#1398,#1399);
#1401=TOROIDAL_SURFACE('',#1400,1.08E2,8.E0);
#1402=ORIENTED_EDGE('',*,*,#1380,.F.);
#1403=ORIENTED_EDGE('',*,*,#1291,.T.);
#1404=ORIENTED_EDGE('',*,*,#1384,.T.);
#1406=ORIENTED_EDGE('',*,*,#1405,.F.);
#1407=EDGE_LOOP('',(#1402,#1403,#1404,#1406));
#1408=FACE_OUTER_BOUND('',#1407,.F.);
#1410=FILL_AREA_STYLE_COLOUR('',#9);
#1411=FILL_AREA_STYLE('',(#1410));
#1412=SURFACE_STYLE_FILL_AREA(#1411);
#1413=SURFACE_SIDE_STYLE('',(#1412));
#1414=SURFACE_STYLE_USAGE(.BOTH.,#1413);
#1415=PRESENTATION_STYLE_ASSIGNMENT((#1414));
#1416=STYLED_ITEM('',(#1415),#1409);
#1417=CARTESIAN_POINT('',(0.E0,-2.02E2,0.E0));
#1418=DIRECTION('',(0.E0,1.E0,0.E0));
#1419=DIRECTION('',(1.E0,0.E0,0.E0));
#1420=AXIS2_PLACEMENT_3D('',#1417,#1418,#1419);
#1421=CYLINDRICAL_SURFACE('',#1420,1.E2);
#1423=ORIENTED_EDGE('',*,*,#1422,.F.);
#1424=ORIENTED_EDGE('',*,*,#1405,.T.);
#1426=ORIENTED_EDGE('',*,*,#1425,.T.);
#1428=ORIENTED_EDGE('',*,*,#1427,.F.);
#1429=EDGE_LOOP('',(#1423,#1424,#1426,#1428));
#1430=FACE_OUTER_BOUND('',#1429,.F.);
#1432=FILL_AREA_STYLE_COLOUR('',#9);
#1433=FILL_AREA_STYLE('',(#1432));
#1434=SURFACE_STYLE_FILL_AREA(#1433);
#1435=SURFACE_SIDE_STYLE('',(#1434));
#1436=SURFACE_STYLE_USAGE(.BOTH.,#1435);
#1437=PRESENTATION_STYLE_ASSIGNMENT((#1436));
#1438=STYLED_ITEM('',(#1437),#1431);
#1439=CARTESIAN_POINT('',(0.E0,-2.02E2,0.E0));
#1440=DIRECTION('',(0.E0,1.E0,0.E0));
#1441=DIRECTION('',(1.E0,0.E0,0.E0));
#1442=AXIS2_PLACEMENT_3D('',#1439,#1440,#1441);
#1443=CYLINDRICAL_SURFACE('',#1442,1.E2);
#1444=ORIENTED_EDGE('',*,*,#1422,.T.);
#1446=ORIENTED_EDGE('',*,*,#1445,.T.);
#1447=ORIENTED_EDGE('',*,*,#1425,.F.);
#1448=ORIENTED_EDGE('',*,*,#1382,.F.);
#1449=EDGE_LOOP('',(#1444,#1446,#1447,#1448));
#1450=FACE_OUTER_BOUND('',#1449,.F.);
#1452=FILL_AREA_STYLE_COLOUR('',#9);
#1453=FILL_AREA_STYLE('',(#1452));
#1454=SURFACE_STYLE_FILL_AREA(#1453);
#1455=SURFACE_SIDE_STYLE('',(#1454));
#1456=SURFACE_STYLE_USAGE(.BOTH.,#1455);
#1457=PRESENTATION_STYLE_ASSIGNMENT((#1456));
#1458=STYLED_ITEM('',(#1457),#1451);
#1459=CARTESIAN_POINT('',(0.E0,-1.88E2,0.E0));
#1460=DIRECTION('',(0.E0,1.E0,0.E0));
#1461=DIRECTION('',(1.E0,0.E0,0.E0));
#1462=AXIS2_PLACEMENT_3D('',#1459,#1460,#1461);
#1463=PLANE('',#1462);
#1464=ORIENTED_EDGE('',*,*,#1427,.T.);
#1465=ORIENTED_EDGE('',*,*,#1445,.F.);
#1466=EDGE_LOOP('',(#1464,#1465));
#1467=FACE_OUTER_BOUND('',#1466,.F.);
#1469=FILL_AREA_STYLE_COLOUR('',#9);
#1470=FILL_AREA_STYLE('',(#1469));
#1471=SURFACE_STYLE_FILL_AREA(#1470);
#1472=SURFACE_SIDE_STYLE('',(#1471));
#1473=SURFACE_STYLE_USAGE(.BOTH.,#1472);
#1474=PRESENTATION_STYLE_ASSIGNMENT((#1473));
#1475=STYLED_ITEM('',(#1474),#1468);
#1476=CARTESIAN_POINT('',(0.E0,0.E0,1.175E2));
#1477=DIRECTION('',(0.E0,-1.E0,0.E0));
#1478=DIRECTION('',(1.E0,0.E0,0.E0));
#1479=AXIS2_PLACEMENT_3D('',#1476,#1477,#1478);
#1480=CYLINDRICAL_SURFACE('',#1479,4.25E0);
#1481=ORIENTED_EDGE('',*,*,#1158,.F.);
#1483=ORIENTED_EDGE('',*,*,#1482,.T.);
#1484=ORIENTED_EDGE('',*,*,#1295,.T.);
#1486=ORIENTED_EDGE('',*,*,#1485,.F.);
#1487=EDGE_LOOP('',(#1481,#1483,#1484,#1486));
#1488=FACE_OUTER_BOUND('',#1487,.F.);
#1490=FILL_AREA_STYLE_COLOUR('',#9);
#1491=FILL_AREA_STYLE('',(#1490));
#1492=SURFACE_STYLE_FILL_AREA(#1491);
#1493=SURFACE_SIDE_STYLE('',(#1492));
#1494=SURFACE_STYLE_USAGE(.BOTH.,#1493);
#1495=PRESENTATION_STYLE_ASSIGNMENT((#1494));
#1496=STYLED_ITEM('',(#1495),#1489);
#1497=CARTESIAN_POINT('',(0.E0,0.E0,1.175E2));
#1498=DIRECTION('',(0.E0,-1.E0,0.E0));
#1499=DIRECTION('',(1.E0,0.E0,0.E0));
#1500=AXIS2_PLACEMENT_3D('',#1497,#1498,#1499);
#1501=CYLINDRICAL_SURFACE('',#1500,4.25E0);
#1502=ORIENTED_EDGE('',*,*,#1160,.F.);
#1503=ORIENTED_EDGE('',*,*,#1485,.T.);
#1504=ORIENTED_EDGE('',*,*,#1297,.T.);
#1505=ORIENTED_EDGE('',*,*,#1482,.F.);
#1506=EDGE_LOOP('',(#1502,#1503,#1504,#1505));
#1507=FACE_OUTER_BOUND('',#1506,.F.);
#1509=FILL_AREA_STYLE_COLOUR('',#9);
#1510=FILL_AREA_STYLE('',(#1509));
#1511=SURFACE_STYLE_FILL_AREA(#1510);
#1512=SURFACE_SIDE_STYLE('',(#1511));
#1513=SURFACE_STYLE_USAGE(.BOTH.,#1512);
#1514=PRESENTATION_STYLE_ASSIGNMENT((#1513));
#1515=STYLED_ITEM('',(#1514),#1508);
#1516=CARTESIAN_POINT('',(-5.875E1,0.E0,1.017579849447E2));
#1517=DIRECTION('',(0.E0,-1.E0,0.E0));
#1518=DIRECTION('',(8.660254037844E-1,0.E0,5.E-1));
#1519=AXIS2_PLACEMENT_3D('',#1516,#1517,#1518);
#1520=CYLINDRICAL_SURFACE('',#1519,4.25E0);
#1521=ORIENTED_EDGE('',*,*,#1164,.F.);
#1523=ORIENTED_EDGE('',*,*,#1522,.T.);
#1524=ORIENTED_EDGE('',*,*,#1301,.T.);
#1526=ORIENTED_EDGE('',*,*,#1525,.F.);
#1527=EDGE_LOOP('',(#1521,#1523,#1524,#1526));
#1528=FACE_OUTER_BOUND('',#1527,.F.);
#1530=FILL_AREA_STYLE_COLOUR('',#9);
#1531=FILL_AREA_STYLE('',(#1530));
#1532=SURFACE_STYLE_FILL_AREA(#1531);
#1533=SURFACE_SIDE_STYLE('',(#1532));
#1534=SURFACE_STYLE_USAGE(.BOTH.,#1533);
#1535=PRESENTATION_STYLE_ASSIGNMENT((#1534));
#1536=STYLED_ITEM('',(#1535),#1529);
#1537=CARTESIAN_POINT('',(-5.875E1,0.E0,1.017579849447E2));
#1538=DIRECTION('',(0.E0,-1.E0,0.E0));
#1539=DIRECTION('',(8.660254037844E-1,0.E0,5.E-1));
#1540=AXIS2_PLACEMENT_3D('',#1537,#1538,#1539);
#1541=CYLINDRICAL_SURFACE('',#1540,4.25E0);
#1542=ORIENTED_EDGE('',*,*,#1166,.F.);
#1543=ORIENTED_EDGE('',*,*,#1525,.T.);
#1544=ORIENTED_EDGE('',*,*,#1303,.T.);
#1545=ORIENTED_EDGE('',*,*,#1522,.F.);
#1546=EDGE_LOOP('',(#1542,#1543,#1544,#1545));
#1547=FACE_OUTER_BOUND('',#1546,.F.);
#1549=FILL_AREA_STYLE_COLOUR('',#9);
#1550=FILL_AREA_STYLE('',(#1549));
#1551=SURFACE_STYLE_FILL_AREA(#1550);
#1552=SURFACE_SIDE_STYLE('',(#1551));
#1553=SURFACE_STYLE_USAGE(.BOTH.,#1552);
#1554=PRESENTATION_STYLE_ASSIGNMENT((#1553));
#1555=STYLED_ITEM('',(#1554),#1548);
#1556=CARTESIAN_POINT('',(-1.017579849447E2,0.E0,5.875E1));
#1557=DIRECTION('',(0.E0,-1.E0,0.E0));
#1558=DIRECTION('',(5.E-1,0.E0,8.660254037844E-1));
#1559=AXIS2_PLACEMENT_3D('',#1556,#1557,#1558);
#1560=CYLINDRICAL_SURFACE('',#1559,4.25E0);
#1561=ORIENTED_EDGE('',*,*,#1170,.F.);
#1563=ORIENTED_EDGE('',*,*,#1562,.T.);
#1564=ORIENTED_EDGE('',*,*,#1307,.T.);
#1566=ORIENTED_EDGE('',*,*,#1565,.F.);
#1567=EDGE_LOOP('',(#1561,#1563,#1564,#1566));
#1568=FACE_OUTER_BOUND('',#1567,.F.);
#1570=FILL_AREA_STYLE_COLOUR('',#9);
#1571=FILL_AREA_STYLE('',(#1570));
#1572=SURFACE_STYLE_FILL_AREA(#1571);
#1573=SURFACE_SIDE_STYLE('',(#1572));
#1574=SURFACE_STYLE_USAGE(.BOTH.,#1573);
#1575=PRESENTATION_STYLE_ASSIGNMENT((#1574));
#1576=STYLED_ITEM('',(#1575),#1569);
#1577=CARTESIAN_POINT('',(-1.017579849447E2,0.E0,5.875E1));
#1578=DIRECTION('',(0.E0,-1.E0,0.E0));
#1579=DIRECTION('',(5.E-1,0.E0,8.660254037844E-1));
#1580=AXIS2_PLACEMENT_3D('',#1577,#1578,#1579);
#1581=CYLINDRICAL_SURFACE('',#1580,4.25E0);
#1582=ORIENTED_EDGE('',*,*,#1172,.F.);
#1583=ORIENTED_EDGE('',*,*,#1565,.T.);
#1584=ORIENTED_EDGE('',*,*,#1309,.T.);
#1585=ORIENTED_EDGE('',*,*,#1562,.F.);
#1586=EDGE_LOOP('',(#1582,#1583,#1584,#1585));
#1587=FACE_OUTER_BOUND('',#1586,.F.);
#1589=FILL_AREA_STYLE_COLOUR('',#9);
#1590=FILL_AREA_STYLE('',(#1589));
#1591=SURFACE_STYLE_FILL_AREA(#1590);
#1592=SURFACE_SIDE_STYLE('',(#1591));
#1593=SURFACE_STYLE_USAGE(.BOTH.,#1592);
#1594=PRESENTATION_STYLE_ASSIGNMENT((#1593));
#1595=STYLED_ITEM('',(#1594),#1588);
#1596=CARTESIAN_POINT('',(-1.175E2,0.E0,0.E0));
#1597=DIRECTION('',(0.E0,-1.E0,0.E0));
#1598=DIRECTION('',(0.E0,0.E0,1.E0));
#1599=AXIS2_PLACEMENT_3D('',#1596,#1597,#1598);
#1600=CYLINDRICAL_SURFACE('',#1599,4.25E0);
#1601=ORIENTED_EDGE('',*,*,#1176,.F.);
#1603=ORIENTED_EDGE('',*,*,#1602,.T.);
#1604=ORIENTED_EDGE('',*,*,#1313,.T.);
#1606=ORIENTED_EDGE('',*,*,#1605,.F.);
#1607=EDGE_LOOP('',(#1601,#1603,#1604,#1606));
#1608=FACE_OUTER_BOUND('',#1607,.F.);
#1610=FILL_AREA_STYLE_COLOUR('',#9);
#1611=FILL_AREA_STYLE('',(#1610));
#1612=SURFACE_STYLE_FILL_AREA(#1611);
#1613=SURFACE_SIDE_STYLE('',(#1612));
#1614=SURFACE_STYLE_USAGE(.BOTH.,#1613);
#1615=PRESENTATION_STYLE_ASSIGNMENT((#1614));
#1616=STYLED_ITEM('',(#1615),#1609);
#1617=CARTESIAN_POINT('',(-1.175E2,0.E0,0.E0));
#1618=DIRECTION('',(0.E0,-1.E0,0.E0));
#1619=DIRECTION('',(0.E0,0.E0,1.E0));
#1620=AXIS2_PLACEMENT_3D('',#1617,#1618,#1619);
#1621=CYLINDRICAL_SURFACE('',#1620,4.25E0);
#1622=ORIENTED_EDGE('',*,*,#1178,.F.);
#1623=ORIENTED_EDGE('',*,*,#1605,.T.);
#1624=ORIENTED_EDGE('',*,*,#1315,.T.);
#1625=ORIENTED_EDGE('',*,*,#1602,.F.);
#1626=EDGE_LOOP('',(#1622,#1623,#1624,#1625));
#1627=FACE_OUTER_BOUND('',#1626,.F.);
#1629=FILL_AREA_STYLE_COLOUR('',#9);
#1630=FILL_AREA_STYLE('',(#1629));
#1631=SURFACE_STYLE_FILL_AREA(#1630);
#1632=SURFACE_SIDE_STYLE('',(#1631));
#1633=SURFACE_STYLE_USAGE(.BOTH.,#1632);
#1634=PRESENTATION_STYLE_ASSIGNMENT((#1633));
#1635=STYLED_ITEM('',(#1634),#1628);
#1636=CARTESIAN_POINT('',(-1.017579849447E2,0.E0,-5.875E1));
#1637=DIRECTION('',(0.E0,-1.E0,0.E0));
#1638=DIRECTION('',(-5.E-1,0.E0,8.660254037844E-1));
#1639=AXIS2_PLACEMENT_3D('',#1636,#1637,#1638);
#1640=CYLINDRICAL_SURFACE('',#1639,4.25E0);
#1641=ORIENTED_EDGE('',*,*,#1182,.F.);
#1643=ORIENTED_EDGE('',*,*,#1642,.T.);
#1644=ORIENTED_EDGE('',*,*,#1319,.T.);
#1646=ORIENTED_EDGE('',*,*,#1645,.F.);
#1647=EDGE_LOOP('',(#1641,#1643,#1644,#1646));
#1648=FACE_OUTER_BOUND('',#1647,.F.);
#1650=FILL_AREA_STYLE_COLOUR('',#9);
#1651=FILL_AREA_STYLE('',(#1650));
#1652=SURFACE_STYLE_FILL_AREA(#1651);
#1653=SURFACE_SIDE_STYLE('',(#1652));
#1654=SURFACE_STYLE_USAGE(.BOTH.,#1653);
#1655=PRESENTATION_STYLE_ASSIGNMENT((#1654));
#1656=STYLED_ITEM('',(#1655),#1649);
#1657=CARTESIAN_POINT('',(-1.017579849447E2,0.E0,-5.875E1));
#1658=DIRECTION('',(0.E0,-1.E0,0.E0));
#1659=DIRECTION('',(-5.E-1,0.E0,8.660254037844E-1));
#1660=AXIS2_PLACEMENT_3D('',#1657,#1658,#1659);
#1661=CYLINDRICAL_SURFACE('',#1660,4.25E0);
#1662=ORIENTED_EDGE('',*,*,#1184,.F.);
#1663=ORIENTED_EDGE('',*,*,#1645,.T.);
#1664=ORIENTED_EDGE('',*,*,#1321,.T.);
#1665=ORIENTED_EDGE('',*,*,#1642,.F.);
#1666=EDGE_LOOP('',(#1662,#1663,#1664,#1665));
#1667=FACE_OUTER_BOUND('',#1666,.F.);
#1669=FILL_AREA_STYLE_COLOUR('',#9);
#1670=FILL_AREA_STYLE('',(#1669));
#1671=SURFACE_STYLE_FILL_AREA(#1670);
#1672=SURFACE_SIDE_STYLE('',(#1671));
#1673=SURFACE_STYLE_USAGE(.BOTH.,#1672);
#1674=PRESENTATION_STYLE_ASSIGNMENT((#1673));
#1675=STYLED_ITEM('',(#1674),#1668);
#1676=CARTESIAN_POINT('',(-5.875E1,0.E0,-1.017579849447E2));
#1677=DIRECTION('',(0.E0,-1.E0,0.E0));
#1678=DIRECTION('',(-8.660254037844E-1,0.E0,5.E-1));
#1679=AXIS2_PLACEMENT_3D('',#1676,#1677,#1678);
#1680=CYLINDRICAL_SURFACE('',#1679,4.25E0);
#1681=ORIENTED_EDGE('',*,*,#1188,.F.);
#1683=ORIENTED_EDGE('',*,*,#1682,.T.);
#1684=ORIENTED_EDGE('',*,*,#1325,.T.);
#1686=ORIENTED_EDGE('',*,*,#1685,.F.);
#1687=EDGE_LOOP('',(#1681,#1683,#1684,#1686));
#1688=FACE_OUTER_BOUND('',#1687,.F.);
#1690=FILL_AREA_STYLE_COLOUR('',#9);
#1691=FILL_AREA_STYLE('',(#1690));
#1692=SURFACE_STYLE_FILL_AREA(#1691);
#1693=SURFACE_SIDE_STYLE('',(#1692));
#1694=SURFACE_STYLE_USAGE(.BOTH.,#1693);
#1695=PRESENTATION_STYLE_ASSIGNMENT((#1694));
#1696=STYLED_ITEM('',(#1695),#1689);
#1697=CARTESIAN_POINT('',(-5.875E1,0.E0,-1.017579849447E2));
#1698=DIRECTION('',(0.E0,-1.E0,0.E0));
#1699=DIRECTION('',(-8.660254037844E-1,0.E0,5.E-1));
#1700=AXIS2_PLACEMENT_3D('',#1697,#1698,#1699);
#1701=CYLINDRICAL_SURFACE('',#1700,4.25E0);
#1702=ORIENTED_EDGE('',*,*,#1190,.F.);
#1703=ORIENTED_EDGE('',*,*,#1685,.T.);
#1704=ORIENTED_EDGE('',*,*,#1327,.T.);
#1705=ORIENTED_EDGE('',*,*,#1682,.F.);
#1706=EDGE_LOOP('',(#1702,#1703,#1704,#1705));
#1707=FACE_OUTER_BOUND('',#1706,.F.);
#1709=FILL_AREA_STYLE_COLOUR('',#9);
#1710=FILL_AREA_STYLE('',(#1709));
#1711=SURFACE_STYLE_FILL_AREA(#1710);
#1712=SURFACE_SIDE_STYLE('',(#1711));
#1713=SURFACE_STYLE_USAGE(.BOTH.,#1712);
#1714=PRESENTATION_STYLE_ASSIGNMENT((#1713));
#1715=STYLED_ITEM('',(#1714),#1708);
#1716=CARTESIAN_POINT('',(-1.438959988998E-14,0.E0,-1.175E2));
#1717=DIRECTION('',(0.E0,-1.E0,0.E0));
#1718=DIRECTION('',(-1.E0,0.E0,0.E0));
#1719=AXIS2_PLACEMENT_3D('',#1716,#1717,#1718);
#1720=CYLINDRICAL_SURFACE('',#1719,4.25E0);
#1721=ORIENTED_EDGE('',*,*,#1194,.F.);
#1723=ORIENTED_EDGE('',*,*,#1722,.T.);
#1724=ORIENTED_EDGE('',*,*,#1331,.T.);
#1726=ORIENTED_EDGE('',*,*,#1725,.F.);
#1727=EDGE_LOOP('',(#1721,#1723,#1724,#1726));
#1728=FACE_OUTER_BOUND('',#1727,.F.);
#1730=FILL_AREA_STYLE_COLOUR('',#9);
#1731=FILL_AREA_STYLE('',(#1730));
#1732=SURFACE_STYLE_FILL_AREA(#1731);
#1733=SURFACE_SIDE_STYLE('',(#1732));
#1734=SURFACE_STYLE_USAGE(.BOTH.,#1733);
#1735=PRESENTATION_STYLE_ASSIGNMENT((#1734));
#1736=STYLED_ITEM('',(#1735),#1729);
#1737=CARTESIAN_POINT('',(-1.438959988998E-14,0.E0,-1.175E2));
#1738=DIRECTION('',(0.E0,-1.E0,0.E0));
#1739=DIRECTION('',(-1.E0,0.E0,0.E0));
#1740=AXIS2_PLACEMENT_3D('',#1737,#1738,#1739);
#1741=CYLINDRICAL_SURFACE('',#1740,4.25E0);
#1742=ORIENTED_EDGE('',*,*,#1196,.F.);
#1743=ORIENTED_EDGE('',*,*,#1725,.T.);
#1744=ORIENTED_EDGE('',*,*,#1333,.T.);
#1745=ORIENTED_EDGE('',*,*,#1722,.F.);
#1746=EDGE_LOOP('',(#1742,#1743,#1744,#1745));
#1747=FACE_OUTER_BOUND('',#1746,.F.);
#1749=FILL_AREA_STYLE_COLOUR('',#9);
#1750=FILL_AREA_STYLE('',(#1749));
#1751=SURFACE_STYLE_FILL_AREA(#1750);
#1752=SURFACE_SIDE_STYLE('',(#1751));
#1753=SURFACE_STYLE_USAGE(.BOTH.,#1752);
#1754=PRESENTATION_STYLE_ASSIGNMENT((#1753));
#1755=STYLED_ITEM('',(#1754),#1748);
#1756=CARTESIAN_POINT('',(5.875E1,0.E0,-1.017579849447E2));
#1757=DIRECTION('',(0.E0,-1.E0,0.E0));
#1758=DIRECTION('',(-8.660254037844E-1,0.E0,-5.E-1));
#1759=AXIS2_PLACEMENT_3D('',#1756,#1757,#1758);
#1760=CYLINDRICAL_SURFACE('',#1759,4.25E0);
#1761=ORIENTED_EDGE('',*,*,#1200,.F.);
#1763=ORIENTED_EDGE('',*,*,#1762,.T.);
#1764=ORIENTED_EDGE('',*,*,#1337,.T.);
#1766=ORIENTED_EDGE('',*,*,#1765,.F.);
#1767=EDGE_LOOP('',(#1761,#1763,#1764,#1766));
#1768=FACE_OUTER_BOUND('',#1767,.F.);
#1770=FILL_AREA_STYLE_COLOUR('',#9);
#1771=FILL_AREA_STYLE('',(#1770));
#1772=SURFACE_STYLE_FILL_AREA(#1771);
#1773=SURFACE_SIDE_STYLE('',(#1772));
#1774=SURFACE_STYLE_USAGE(.BOTH.,#1773);
#1775=PRESENTATION_STYLE_ASSIGNMENT((#1774));
#1776=STYLED_ITEM('',(#1775),#1769);
#1777=CARTESIAN_POINT('',(5.875E1,0.E0,-1.017579849447E2));
#1778=DIRECTION('',(0.E0,-1.E0,0.E0));
#1779=DIRECTION('',(-8.660254037844E-1,0.E0,-5.E-1));
#1780=AXIS2_PLACEMENT_3D('',#1777,#1778,#1779);
#1781=CYLINDRICAL_SURFACE('',#1780,4.25E0);
#1782=ORIENTED_EDGE('',*,*,#1202,.F.);
#1783=ORIENTED_EDGE('',*,*,#1765,.T.);
#1784=ORIENTED_EDGE('',*,*,#1339,.T.);
#1785=ORIENTED_EDGE('',*,*,#1762,.F.);
#1786=EDGE_LOOP('',(#1782,#1783,#1784,#1785));
#1787=FACE_OUTER_BOUND('',#1786,.F.);
#1789=FILL_AREA_STYLE_COLOUR('',#9);
#1790=FILL_AREA_STYLE('',(#1789));
#1791=SURFACE_STYLE_FILL_AREA(#1790);
#1792=SURFACE_SIDE_STYLE('',(#1791));
#1793=SURFACE_STYLE_USAGE(.BOTH.,#1792);
#1794=PRESENTATION_STYLE_ASSIGNMENT((#1793));
#1795=STYLED_ITEM('',(#1794),#1788);
#1796=CARTESIAN_POINT('',(1.017579849447E2,0.E0,-5.875E1));
#1797=DIRECTION('',(0.E0,-1.E0,0.E0));
#1798=DIRECTION('',(-5.E-1,0.E0,-8.660254037844E-1));
#1799=AXIS2_PLACEMENT_3D('',#1796,#1797,#1798);
#1800=CYLINDRICAL_SURFACE('',#1799,4.25E0);
#1801=ORIENTED_EDGE('',*,*,#1206,.F.);
#1803=ORIENTED_EDGE('',*,*,#1802,.T.);
#1804=ORIENTED_EDGE('',*,*,#1343,.T.);
#1806=ORIENTED_EDGE('',*,*,#1805,.F.);
#1807=EDGE_LOOP('',(#1801,#1803,#1804,#1806));
#1808=FACE_OUTER_BOUND('',#1807,.F.);
#1810=FILL_AREA_STYLE_COLOUR('',#9);
#1811=FILL_AREA_STYLE('',(#1810));
#1812=SURFACE_STYLE_FILL_AREA(#1811);
#1813=SURFACE_SIDE_STYLE('',(#1812));
#1814=SURFACE_STYLE_USAGE(.BOTH.,#1813);
#1815=PRESENTATION_STYLE_ASSIGNMENT((#1814));
#1816=STYLED_ITEM('',(#1815),#1809);
#1817=CARTESIAN_POINT('',(1.017579849447E2,0.E0,-5.875E1));
#1818=DIRECTION('',(0.E0,-1.E0,0.E0));
#1819=DIRECTION('',(-5.E-1,0.E0,-8.660254037844E-1));
#1820=AXIS2_PLACEMENT_3D('',#1817,#1818,#1819);
#1821=CYLINDRICAL_SURFACE('',#1820,4.25E0);
#1822=ORIENTED_EDGE('',*,*,#1208,.F.);
#1823=ORIENTED_EDGE('',*,*,#1805,.T.);
#1824=ORIENTED_EDGE('',*,*,#1345,.T.);
#1825=ORIENTED_EDGE('',*,*,#1802,.F.);
#1826=EDGE_LOOP('',(#1822,#1823,#1824,#1825));
#1827=FACE_OUTER_BOUND('',#1826,.F.);
#1829=FILL_AREA_STYLE_COLOUR('',#9);
#1830=FILL_AREA_STYLE('',(#1829));
#1831=SURFACE_STYLE_FILL_AREA(#1830);
#1832=SURFACE_SIDE_STYLE('',(#1831));
#1833=SURFACE_STYLE_USAGE(.BOTH.,#1832);
#1834=PRESENTATION_STYLE_ASSIGNMENT((#1833));
#1835=STYLED_ITEM('',(#1834),#1828);
#1836=CARTESIAN_POINT('',(1.175E2,0.E0,-2.158439371174E-14));
#1837=DIRECTION('',(0.E0,-1.E0,0.E0));
#1838=DIRECTION('',(0.E0,0.E0,-1.E0));
#1839=AXIS2_PLACEMENT_3D('',#1836,#1837,#1838);
#1840=CYLINDRICAL_SURFACE('',#1839,4.25E0);
#1841=ORIENTED_EDGE('',*,*,#1212,.F.);
#1843=ORIENTED_EDGE('',*,*,#1842,.T.);
#1844=ORIENTED_EDGE('',*,*,#1349,.T.);
#1846=ORIENTED_EDGE('',*,*,#1845,.F.);
#1847=EDGE_LOOP('',(#1841,#1843,#1844,#1846));
#1848=FACE_OUTER_BOUND('',#1847,.F.);
#1850=FILL_AREA_STYLE_COLOUR('',#9);
#1851=FILL_AREA_STYLE('',(#1850));
#1852=SURFACE_STYLE_FILL_AREA(#1851);
#1853=SURFACE_SIDE_STYLE('',(#1852));
#1854=SURFACE_STYLE_USAGE(.BOTH.,#1853);
#1855=PRESENTATION_STYLE_ASSIGNMENT((#1854));
#1856=STYLED_ITEM('',(#1855),#1849);
#1857=CARTESIAN_POINT('',(1.175E2,0.E0,-2.158439371174E-14));
#1858=DIRECTION('',(0.E0,-1.E0,0.E0));
#1859=DIRECTION('',(0.E0,0.E0,-1.E0));
#1860=AXIS2_PLACEMENT_3D('',#1857,#1858,#1859);
#1861=CYLINDRICAL_SURFACE('',#1860,4.25E0);
#1862=ORIENTED_EDGE('',*,*,#1214,.F.);
#1863=ORIENTED_EDGE('',*,*,#1845,.T.);
#1864=ORIENTED_EDGE('',*,*,#1351,.T.);
#1865=ORIENTED_EDGE('',*,*,#1842,.F.);
#1866=EDGE_LOOP('',(#1862,#1863,#1864,#1865));
#1867=FACE_OUTER_BOUND('',#1866,.F.);
#1869=FILL_AREA_STYLE_COLOUR('',#9);
#1870=FILL_AREA_STYLE('',(#1869));
#1871=SURFACE_STYLE_FILL_AREA(#1870);
#1872=SURFACE_SIDE_STYLE('',(#1871));
#1873=SURFACE_STYLE_USAGE(.BOTH.,#1872);
#1874=PRESENTATION_STYLE_ASSIGNMENT((#1873));
#1875=STYLED_ITEM('',(#1874),#1868);
#1876=CARTESIAN_POINT('',(1.017579849447E2,0.E0,5.875E1));
#1877=DIRECTION('',(0.E0,-1.E0,0.E0));
#1878=DIRECTION('',(5.E-1,0.E0,-8.660254037844E-1));
#1879=AXIS2_PLACEMENT_3D('',#1876,#1877,#1878);
#1880=CYLINDRICAL_SURFACE('',#1879,4.25E0);
#1881=ORIENTED_EDGE('',*,*,#1218,.F.);
#1883=ORIENTED_EDGE('',*,*,#1882,.T.);
#1884=ORIENTED_EDGE('',*,*,#1355,.T.);
#1886=ORIENTED_EDGE('',*,*,#1885,.F.);
#1887=EDGE_LOOP('',(#1881,#1883,#1884,#1886));
#1888=FACE_OUTER_BOUND('',#1887,.F.);
#1890=FILL_AREA_STYLE_COLOUR('',#9);
#1891=FILL_AREA_STYLE('',(#1890));
#1892=SURFACE_STYLE_FILL_AREA(#1891);
#1893=SURFACE_SIDE_STYLE('',(#1892));
#1894=SURFACE_STYLE_USAGE(.BOTH.,#1893);
#1895=PRESENTATION_STYLE_ASSIGNMENT((#1894));
#1896=STYLED_ITEM('',(#1895),#1889);
#1897=CARTESIAN_POINT('',(1.017579849447E2,0.E0,5.875E1));
#1898=DIRECTION('',(0.E0,-1.E0,0.E0));
#1899=DIRECTION('',(5.E-1,0.E0,-8.660254037844E-1));
#1900=AXIS2_PLACEMENT_3D('',#1897,#1898,#1899);
#1901=CYLINDRICAL_SURFACE('',#1900,4.25E0);
#1902=ORIENTED_EDGE('',*,*,#1220,.F.);
#1903=ORIENTED_EDGE('',*,*,#1885,.T.);
#1904=ORIENTED_EDGE('',*,*,#1357,.T.);
#1905=ORIENTED_EDGE('',*,*,#1882,.F.);
#1906=EDGE_LOOP('',(#1902,#1903,#1904,#1905));
#1907=FACE_OUTER_BOUND('',#1906,.F.);
#1909=FILL_AREA_STYLE_COLOUR('',#9);
#1910=FILL_AREA_STYLE('',(#1909));
#1911=SURFACE_STYLE_FILL_AREA(#1910);
#1912=SURFACE_SIDE_STYLE('',(#1911));
#1913=SURFACE_STYLE_USAGE(.BOTH.,#1912);
#1914=PRESENTATION_STYLE_ASSIGNMENT((#1913));
#1915=STYLED_ITEM('',(#1914),#1908);
#1916=CARTESIAN_POINT('',(5.875E1,0.E0,1.017579849447E2));
#1917=DIRECTION('',(0.E0,-1.E0,0.E0));
#1918=DIRECTION('',(8.660254037844E-1,0.E0,-5.E-1));
#1919=AXIS2_PLACEMENT_3D('',#1916,#1917,#1918);
#1920=CYLINDRICAL_SURFACE('',#1919,4.25E0);
#1921=ORIENTED_EDGE('',*,*,#1224,.F.);
#1923=ORIENTED_EDGE('',*,*,#1922,.T.);
#1924=ORIENTED_EDGE('',*,*,#1361,.T.);
#1926=ORIENTED_EDGE('',*,*,#1925,.F.);
#1927=EDGE_LOOP('',(#1921,#1923,#1924,#1926));
#1928=FACE_OUTER_BOUND('',#1927,.F.);
#1930=FILL_AREA_STYLE_COLOUR('',#9);
#1931=FILL_AREA_STYLE('',(#1930));
#1932=SURFACE_STYLE_FILL_AREA(#1931);
#1933=SURFACE_SIDE_STYLE('',(#1932));
#1934=SURFACE_STYLE_USAGE(.BOTH.,#1933);
#1935=PRESENTATION_STYLE_ASSIGNMENT((#1934));
#1936=STYLED_ITEM('',(#1935),#1929);
#1937=CARTESIAN_POINT('',(5.875E1,0.E0,1.017579849447E2));
#1938=DIRECTION('',(0.E0,-1.E0,0.E0));
#1939=DIRECTION('',(8.660254037844E-1,0.E0,-5.E-1));
#1940=AXIS2_PLACEMENT_3D('',#1937,#1938,#1939);
#1941=CYLINDRICAL_SURFACE('',#1940,4.25E0);
#1942=ORIENTED_EDGE('',*,*,#1226,.F.);
#1943=ORIENTED_EDGE('',*,*,#1925,.T.);
#1944=ORIENTED_EDGE('',*,*,#1363,.T.);
#1945=ORIENTED_EDGE('',*,*,#1922,.F.);
#1946=EDGE_LOOP('',(#1942,#1943,#1944,#1945));
#1947=FACE_OUTER_BOUND('',#1946,.F.);
#1949=FILL_AREA_STYLE_COLOUR('',#9);
#1950=FILL_AREA_STYLE('',(#1949));
#1951=SURFACE_STYLE_FILL_AREA(#1950);
#1952=SURFACE_SIDE_STYLE('',(#1951));
#1953=SURFACE_STYLE_USAGE(.BOTH.,#1952);
#1954=PRESENTATION_STYLE_ASSIGNMENT((#1953));
#1955=STYLED_ITEM('',(#1954),#1948);
#1958=FILL_AREA_STYLE_COLOUR('',#9);
#1959=FILL_AREA_STYLE('',(#1958));
#1960=SURFACE_STYLE_FILL_AREA(#1959);
#1961=SURFACE_SIDE_STYLE('',(#1960));
#1962=SURFACE_STYLE_USAGE(.BOTH.,#1961);
#1963=PRESENTATION_STYLE_ASSIGNMENT((#1962));
#43=STYLED_ITEM('',(#1963),#1957);
#1966=PLANE_ANGLE_MEASURE_WITH_UNIT(PLANE_ANGLE_MEASURE(1.745329251994E-2),
#1965);
#1967=(CONVERSION_BASED_UNIT('DEGREE',#1966)NAMED_UNIT(*)PLANE_ANGLE_UNIT());
#1969=UNCERTAINTY_MEASURE_WITH_UNIT(LENGTH_MEASURE(1.E-2),#1964,
'distance_accuracy_value',
'Maximum model space distance between geometric entities at asserted connectivities');
#1971=CARTESIAN_POINT('',(0.E0,0.E0,0.E0));
#1972=DIRECTION('',(0.E0,0.E0,1.E0));
#1973=DIRECTION('',(1.E0,0.E0,0.E0));
#1976=APPLICATION_CONTEXT('automotive_design');
#1977=APPLICATION_PROTOCOL_DEFINITION('international standard',
'automotive_design',2001,#1976);
#1978=PRODUCT_DEFINITION_CONTEXT('part definition',#1976,'design');
#1979=PRODUCT_CONTEXT('',#1976,'mechanical');
#1980=PRODUCT('FALNGE_1','FALNGE_1','NOT SPECIFIED',(#1979));
#1981=PRODUCT_DEFINITION_FORMATION('5','LAST_VERSION',#1980);
#1989=DERIVED_UNIT_ELEMENT(#1988,2.E0);
#1990=DERIVED_UNIT((#1989));
#1991=MEASURE_REPRESENTATION_ITEM('surface area measure',AREA_MEASURE(
3.592913982352E5),#1990);
#1996=DERIVED_UNIT_ELEMENT(#1995,3.E0);
#1997=DERIVED_UNIT((#1996));
#1998=MEASURE_REPRESENTATION_ITEM('volume measure',VOLUME_MEASURE(
7.793108296647E5),#1997);
#2002=CARTESIAN_POINT('centre point',(1.951307595736E-14,-9.048006717731E1,
9.567942699094E-14));
#2007=DERIVED_UNIT_ELEMENT(#2006,2.E0);
#2008=DERIVED_UNIT((#2007));
#2009=MEASURE_REPRESENTATION_ITEM('surface area measure',AREA_MEASURE(
3.592913982352E5),#2008);
#2014=DERIVED_UNIT_ELEMENT(#2013,3.E0);
#2015=DERIVED_UNIT((#2014));
#2016=MEASURE_REPRESENTATION_ITEM('volume measure',VOLUME_MEASURE(
7.793108296647E5),#2015);
#2020=CARTESIAN_POINT('centre point',(1.951307595736E-14,-9.048006717731E1,
9.567942699094E-14));
#2030=CARTESIAN_POINT('centre point',(1.951307595736E-14,-9.048006717731E1,
9.567942699094E-14));
#2034=CARTESIAN_POINT('',(0.E0,0.E0,0.E0));
#2035=DIRECTION('',(0.E0,0.E0,1.E0));
#2036=DIRECTION('',(1.E0,0.E0,0.E0));
#2037=AXIS2_PLACEMENT_3D('',#2034,#2035,#2036);
#2038=ITEM_DEFINED_TRANSFORMATION('','',#1974,#2037);
#2039=(REPRESENTATION_RELATIONSHIP('','',#1975,#2027)REPRESENTATION_RELATIONSHIP_WITH_TRANSFORMATION(#2038)SHAPE_REPRESENTATION_RELATIONSHIP());
#2040=CONTEXT_DEPENDENT_SHAPE_REPRESENTATION(#2039,#2029);
#2042=CARTESIAN_POINT('',(0.E0,0.E0,0.E0));
#2043=DIRECTION('',(0.E0,0.E0,-1.E0));
#2044=DIRECTION('',(1.E0,0.E0,0.E0));
#2045=AXIS2_PLACEMENT_3D('',#2042,#2043,#2044);
#2047=CURVE_STYLE('',#49,POSITIVE_LENGTH_MEASURE(2.E-2),#42);
#2048=PRESENTATION_STYLE_ASSIGNMENT((#2047));
#2049=STYLED_ITEM('',(#2048),#2046);
#2050=CARTESIAN_POINT('',(0.E0,0.E0,0.E0));
#2051=DIRECTION('',(0.E0,0.E0,-1.E0));
#2052=DIRECTION('',(-1.E0,0.E0,0.E0));
#2053=AXIS2_PLACEMENT_3D('',#2050,#2051,#2052);
#2055=CURVE_STYLE('',#49,POSITIVE_LENGTH_MEASURE(2.E-2),#42);
#2056=PRESENTATION_STYLE_ASSIGNMENT((#2055));
#2057=STYLED_ITEM('',(#2056),#2054);
#2058=CARTESIAN_POINT('',(0.E0,0.E0,0.E0));
#2059=DIRECTION('',(0.E0,0.E0,1.E0));
#2060=DIRECTION('',(1.E0,0.E0,0.E0));
#2061=AXIS2_PLACEMENT_3D('',#2058,#2059,#2060);
#2063=CURVE_STYLE('',#49,POSITIVE_LENGTH_MEASURE(2.E-2),#42);
#2064=PRESENTATION_STYLE_ASSIGNMENT((#2063));
#2065=STYLED_ITEM('',(#2064),#2062);
#2066=CARTESIAN_POINT('',(0.E0,0.E0,0.E0));
#2067=DIRECTION('',(0.E0,0.E0,1.E0));
#2068=DIRECTION('',(-1.E0,0.E0,0.E0));
#2069=AXIS2_PLACEMENT_3D('',#2066,#2067,#2068);
#2071=CURVE_STYLE('',#49,POSITIVE_LENGTH_MEASURE(2.E-2),#42);
#2072=PRESENTATION_STYLE_ASSIGNMENT((#2071));
#2073=STYLED_ITEM('',(#2072),#2070);
#2074=CARTESIAN_POINT('',(0.E0,1.175E2,0.E0));
#2075=DIRECTION('',(0.E0,0.E0,1.E0));
#2076=DIRECTION('',(1.E0,0.E0,0.E0));
#2077=AXIS2_PLACEMENT_3D('',#2074,#2075,#2076);
#2079=CURVE_STYLE('',#49,POSITIVE_LENGTH_MEASURE(2.E-2),#42);
#2080=PRESENTATION_STYLE_ASSIGNMENT((#2079));
#2081=STYLED_ITEM('',(#2080),#2078);
#2082=CARTESIAN_POINT('',(0.E0,1.175E2,0.E0));
#2083=DIRECTION('',(0.E0,0.E0,1.E0));
#2084=DIRECTION('',(-1.E0,0.E0,0.E0));
#2085=AXIS2_PLACEMENT_3D('',#2082,#2083,#2084);
#2087=CURVE_STYLE('',#49,POSITIVE_LENGTH_MEASURE(2.E-2),#42);
#2088=PRESENTATION_STYLE_ASSIGNMENT((#2087));
#2089=STYLED_ITEM('',(#2088),#2086);
#2090=CARTESIAN_POINT('',(-5.875E1,1.017579849447E2,0.E0));
#2091=DIRECTION('',(0.E0,0.E0,1.E0));
#2092=DIRECTION('',(8.660254037844E-1,5.E-1,0.E0));
#2093=AXIS2_PLACEMENT_3D('',#2090,#2091,#2092);
#2095=CURVE_STYLE('',#49,POSITIVE_LENGTH_MEASURE(2.E-2),#42);
#2096=PRESENTATION_STYLE_ASSIGNMENT((#2095));
#2097=STYLED_ITEM('',(#2096),#2094);
#2098=CARTESIAN_POINT('',(-5.875E1,1.017579849447E2,0.E0));
#2099=DIRECTION('',(0.E0,0.E0,1.E0));
#2100=DIRECTION('',(-8.660254037844E-1,-5.E-1,0.E0));
#2101=AXIS2_PLACEMENT_3D('',#2098,#2099,#2100);
#2103=CURVE_STYLE('',#49,POSITIVE_LENGTH_MEASURE(2.E-2),#42);
#2104=PRESENTATION_STYLE_ASSIGNMENT((#2103));
#2105=STYLED_ITEM('',(#2104),#2102);
#2106=CARTESIAN_POINT('',(-1.017579849447E2,5.875E1,0.E0));
#2107=DIRECTION('',(0.E0,0.E0,1.E0));
#2108=DIRECTION('',(5.E-1,8.660254037844E-1,0.E0));
#2109=AXIS2_PLACEMENT_3D('',#2106,#2107,#2108);
#2111=CURVE_STYLE('',#49,POSITIVE_LENGTH_MEASURE(2.E-2),#42);
#2112=PRESENTATION_STYLE_ASSIGNMENT((#2111));
#2113=STYLED_ITEM('',(#2112),#2110);
#2114=CARTESIAN_POINT('',(-1.017579849447E2,5.875E1,0.E0));
#2115=DIRECTION('',(0.E0,0.E0,1.E0));
#2116=DIRECTION('',(-5.E-1,-8.660254037844E-1,0.E0));
#2117=AXIS2_PLACEMENT_3D('',#2114,#2115,#2116);
#2119=CURVE_STYLE('',#49,POSITIVE_LENGTH_MEASURE(2.E-2),#42);
#2120=PRESENTATION_STYLE_ASSIGNMENT((#2119));
#2121=STYLED_ITEM('',(#2120),#2118);
#2122=CARTESIAN_POINT('',(-1.175E2,0.E0,0.E0));
#2123=DIRECTION('',(0.E0,0.E0,1.E0));
#2124=DIRECTION('',(0.E0,1.E0,0.E0));
#2125=AXIS2_PLACEMENT_3D('',#2122,#2123,#2124);
#2127=CURVE_STYLE('',#49,POSITIVE_LENGTH_MEASURE(2.E-2),#42);
#2128=PRESENTATION_STYLE_ASSIGNMENT((#2127));
#2129=STYLED_ITEM('',(#2128),#2126);
#2130=CARTESIAN_POINT('',(-1.175E2,0.E0,0.E0));
#2131=DIRECTION('',(0.E0,0.E0,1.E0));
#2132=DIRECTION('',(0.E0,-1.E0,0.E0));
#2133=AXIS2_PLACEMENT_3D('',#2130,#2131,#2132);
#2135=CURVE_STYLE('',#49,POSITIVE_LENGTH_MEASURE(2.E-2),#42);
#2136=PRESENTATION_STYLE_ASSIGNMENT((#2135));
#2137=STYLED_ITEM('',(#2136),#2134);
#2138=CARTESIAN_POINT('',(-1.017579849447E2,-5.875E1,0.E0));
#2139=DIRECTION('',(0.E0,0.E0,1.E0));
#2140=DIRECTION('',(-5.E-1,8.660254037844E-1,0.E0));
#2141=AXIS2_PLACEMENT_3D('',#2138,#2139,#2140);
#2143=CURVE_STYLE('',#49,POSITIVE_LENGTH_MEASURE(2.E-2),#42);
#2144=PRESENTATION_STYLE_ASSIGNMENT((#2143));
#2145=STYLED_ITEM('',(#2144),#2142);
#2146=CARTESIAN_POINT('',(-1.017579849447E2,-5.875E1,0.E0));
#2147=DIRECTION('',(0.E0,0.E0,1.E0));
#2148=DIRECTION('',(5.E-1,-8.660254037844E-1,0.E0));
#2149=AXIS2_PLACEMENT_3D('',#2146,#2147,#2148);
#2151=CURVE_STYLE('',#49,POSITIVE_LENGTH_MEASURE(2.E-2),#42);
#2152=PRESENTATION_STYLE_ASSIGNMENT((#2151));
#2153=STYLED_ITEM('',(#2152),#2150);
#2154=CARTESIAN_POINT('',(-5.875E1,-1.017579849447E2,0.E0));
#2155=DIRECTION('',(0.E0,0.E0,1.E0));
#2156=DIRECTION('',(-8.660254037844E-1,5.E-1,0.E0));
#2157=AXIS2_PLACEMENT_3D('',#2154,#2155,#2156);
#2159=CURVE_STYLE('',#49,POSITIVE_LENGTH_MEASURE(2.E-2),#42);
#2160=PRESENTATION_STYLE_ASSIGNMENT((#2159));
#2161=STYLED_ITEM('',(#2160),#2158);
#2162=CARTESIAN_POINT('',(-5.875E1,-1.017579849447E2,0.E0));
#2163=DIRECTION('',(0.E0,0.E0,1.E0));
#2164=DIRECTION('',(8.660254037844E-1,-5.E-1,0.E0));
#2165=AXIS2_PLACEMENT_3D('',#2162,#2163,#2164);
#2167=CURVE_STYLE('',#49,POSITIVE_LENGTH_MEASURE(2.E-2),#42);
#2168=PRESENTATION_STYLE_ASSIGNMENT((#2167));
#2169=STYLED_ITEM('',(#2168),#2166);
#2170=CARTESIAN_POINT('',(-1.438959988998E-14,-1.175E2,0.E0));
#2171=DIRECTION('',(0.E0,0.E0,1.E0));
#2172=DIRECTION('',(-1.E0,0.E0,0.E0));
#2173=AXIS2_PLACEMENT_3D('',#2170,#2171,#2172);
#2175=CURVE_STYLE('',#49,POSITIVE_LENGTH_MEASURE(2.E-2),#42);
#2176=PRESENTATION_STYLE_ASSIGNMENT((#2175));
#2177=STYLED_ITEM('',(#2176),#2174);
#2178=CARTESIAN_POINT('',(-1.438959988998E-14,-1.175E2,0.E0));
#2179=DIRECTION('',(0.E0,0.E0,1.E0));
#2180=DIRECTION('',(1.E0,0.E0,0.E0));
#2181=AXIS2_PLACEMENT_3D('',#2178,#2179,#2180);
#2183=CURVE_STYLE('',#49,POSITIVE_LENGTH_MEASURE(2.E-2),#42);
#2184=PRESENTATION_STYLE_ASSIGNMENT((#2183));
#2185=STYLED_ITEM('',(#2184),#2182);
#2186=CARTESIAN_POINT('',(5.875E1,-1.017579849447E2,0.E0));
#2187=DIRECTION('',(0.E0,0.E0,1.E0));
#2188=DIRECTION('',(-8.660254037844E-1,-5.E-1,0.E0));
#2189=AXIS2_PLACEMENT_3D('',#2186,#2187,#2188);
#2191=CURVE_STYLE('',#49,POSITIVE_LENGTH_MEASURE(2.E-2),#42);
#2192=PRESENTATION_STYLE_ASSIGNMENT((#2191));
#2193=STYLED_ITEM('',(#2192),#2190);
#2194=CARTESIAN_POINT('',(5.875E1,-1.017579849447E2,0.E0));
#2195=DIRECTION('',(0.E0,0.E0,1.E0));
#2196=DIRECTION('',(8.660254037844E-1,5.E-1,0.E0));
#2197=AXIS2_PLACEMENT_3D('',#2194,#2195,#2196);
#2199=CURVE_STYLE('',#49,POSITIVE_LENGTH_MEASURE(2.E-2),#42);
#2200=PRESENTATION_STYLE_ASSIGNMENT((#2199));
#2201=STYLED_ITEM('',(#2200),#2198);
#2202=CARTESIAN_POINT('',(1.017579849447E2,-5.875E1,0.E0));
#2203=DIRECTION('',(0.E0,0.E0,1.E0));
#2204=DIRECTION('',(-5.E-1,-8.660254037844E-1,0.E0));
#2205=AXIS2_PLACEMENT_3D('',#2202,#2203,#2204);
#2207=CURVE_STYLE('',#49,POSITIVE_LENGTH_MEASURE(2.E-2),#42);
#2208=PRESENTATION_STYLE_ASSIGNMENT((#2207));
#2209=STYLED_ITEM('',(#2208),#2206);
#2210=CARTESIAN_POINT('',(1.017579849447E2,-5.875E1,0.E0));
#2211=DIRECTION('',(0.E0,0.E0,1.E0));
#2212=DIRECTION('',(5.E-1,8.660254037844E-1,0.E0));
#2213=AXIS2_PLACEMENT_3D('',#2210,#2211,#2212);
#2215=CURVE_STYLE('',#49,POSITIVE_LENGTH_MEASURE(2.E-2),#42);
#2216=PRESENTATION_STYLE_ASSIGNMENT((#2215));
#2217=STYLED_ITEM('',(#2216),#2214);
#2218=CARTESIAN_POINT('',(1.175E2,-2.158439371174E-14,0.E0));
#2219=DIRECTION('',(0.E0,0.E0,1.E0));
#2220=DIRECTION('',(0.E0,-1.E0,0.E0));
#2221=AXIS2_PLACEMENT_3D('',#2218,#2219,#2220);
#2223=CURVE_STYLE('',#49,POSITIVE_LENGTH_MEASURE(2.E-2),#42);
#2224=PRESENTATION_STYLE_ASSIGNMENT((#2223));
#2225=STYLED_ITEM('',(#2224),#2222);
#2226=CARTESIAN_POINT('',(1.175E2,-2.158439371174E-14,0.E0));
#2227=DIRECTION('',(0.E0,0.E0,1.E0));
#2228=DIRECTION('',(0.E0,1.E0,0.E0));
#2229=AXIS2_PLACEMENT_3D('',#2226,#2227,#2228);
#2231=CURVE_STYLE('',#49,POSITIVE_LENGTH_MEASURE(2.E-2),#42);
#2232=PRESENTATION_STYLE_ASSIGNMENT((#2231));
#2233=STYLED_ITEM('',(#2232),#2230);
#2234=CARTESIAN_POINT('',(1.017579849447E2,5.875E1,0.E0));
#2235=DIRECTION('',(0.E0,0.E0,1.E0));
#2236=DIRECTION('',(5.E-1,-8.660254037844E-1,0.E0));
#2237=AXIS2_PLACEMENT_3D('',#2234,#2235,#2236);
#2239=CURVE_STYLE('',#49,POSITIVE_LENGTH_MEASURE(2.E-2),#42);
#2240=PRESENTATION_STYLE_ASSIGNMENT((#2239));
#2241=STYLED_ITEM('',(#2240),#2238);
#2242=CARTESIAN_POINT('',(1.017579849447E2,5.875E1,0.E0));
#2243=DIRECTION('',(0.E0,0.E0,1.E0));
#2244=DIRECTION('',(-5.E-1,8.660254037844E-1,0.E0));
#2245=AXIS2_PLACEMENT_3D('',#2242,#2243,#2244);
#2247=CURVE_STYLE('',#49,POSITIVE_LENGTH_MEASURE(2.E-2),#42);
#2248=PRESENTATION_STYLE_ASSIGNMENT((#2247));
#2249=STYLED_ITEM('',(#2248),#2246);
#2250=CARTESIAN_POINT('',(5.875E1,1.017579849447E2,0.E0));
#2251=DIRECTION('',(0.E0,0.E0,1.E0));
#2252=DIRECTION('',(8.660254037844E-1,-5.E-1,0.E0));
#2253=AXIS2_PLACEMENT_3D('',#2250,#2251,#2252);
#2255=CURVE_STYLE('',#49,POSITIVE_LENGTH_MEASURE(2.E-2),#42);
#2256=PRESENTATION_STYLE_ASSIGNMENT((#2255));
#2257=STYLED_ITEM('',(#2256),#2254);
#2258=CARTESIAN_POINT('',(5.875E1,1.017579849447E2,0.E0));
#2259=DIRECTION('',(0.E0,0.E0,1.E0));
#2260=DIRECTION('',(-8.660254037844E-1,5.E-1,0.E0));
#2261=AXIS2_PLACEMENT_3D('',#2258,#2259,#2260);
#2263=CURVE_STYLE('',#49,POSITIVE_LENGTH_MEASURE(2.E-2),#42);
#2264=PRESENTATION_STYLE_ASSIGNMENT((#2263));
#2265=STYLED_ITEM('',(#2264),#2262);
#2266=DIRECTION('',(0.E0,0.E0,1.E0));
#2267=VECTOR('',#2266,1.E0);
#2268=CARTESIAN_POINT('',(1.E2,-1.224646799147E-14,0.E0));
#2269=LINE('',#2268,#2267);
#2270=CURVE_STYLE('',#49,POSITIVE_LENGTH_MEASURE(2.E-2),#42);
#2271=PRESENTATION_STYLE_ASSIGNMENT((#2270));
#2272=STYLED_ITEM('',(#2271),#2269);
#2273=DIRECTION('',(0.E0,0.E0,1.E0));
#2274=VECTOR('',#2273,1.E0);
#2275=CARTESIAN_POINT('',(-1.E2,1.224646799147E-14,0.E0));
#2276=LINE('',#2275,#2274);
#2277=CURVE_STYLE('',#49,POSITIVE_LENGTH_MEASURE(2.E-2),#42);
#2278=PRESENTATION_STYLE_ASSIGNMENT((#2277));
#2279=STYLED_ITEM('',(#2278),#2276);
#2280=CARTESIAN_POINT('',(0.E0,0.E0,1.E0));
#2281=DIRECTION('',(0.E0,0.E0,-1.E0));
#2282=DIRECTION('',(1.E0,0.E0,0.E0));
#2283=AXIS2_PLACEMENT_3D('',#2280,#2281,#2282);
#2285=CURVE_STYLE('',#49,POSITIVE_LENGTH_MEASURE(2.E-2),#42);
#2286=PRESENTATION_STYLE_ASSIGNMENT((#2285));
#2287=STYLED_ITEM('',(#2286),#2284);
#2288=CARTESIAN_POINT('',(0.E0,0.E0,1.E0));
#2289=DIRECTION('',(0.E0,0.E0,-1.E0));
#2290=DIRECTION('',(-1.E0,0.E0,0.E0));
#2291=AXIS2_PLACEMENT_3D('',#2288,#2289,#2290);
#2293=CURVE_STYLE('',#49,POSITIVE_LENGTH_MEASURE(2.E-2),#42);
#2294=PRESENTATION_STYLE_ASSIGNMENT((#2293));
#2295=STYLED_ITEM('',(#2294),#2292);
#2296=CARTESIAN_POINT('',(0.E0,0.E0,1.E0));
#2297=DIRECTION('',(0.E0,0.E0,1.E0));
#2298=DIRECTION('',(1.E0,0.E0,0.E0));
#2299=AXIS2_PLACEMENT_3D('',#2296,#2297,#2298);
#2301=CURVE_STYLE('',#49,POSITIVE_LENGTH_MEASURE(2.E-2),#42);
#2302=PRESENTATION_STYLE_ASSIGNMENT((#2301));
#2303=STYLED_ITEM('',(#2302),#2300);
#2304=CARTESIAN_POINT('',(0.E0,0.E0,1.E0));
#2305=DIRECTION('',(0.E0,0.E0,1.E0));
#2306=DIRECTION('',(-1.E0,0.E0,0.E0));
#2307=AXIS2_PLACEMENT_3D('',#2304,#2305,#2306);
#2309=CURVE_STYLE('',#49,POSITIVE_LENGTH_MEASURE(2.E-2),#42);
#2310=PRESENTATION_STYLE_ASSIGNMENT((#2309));
#2311=STYLED_ITEM('',(#2310),#2308);
#2312=CARTESIAN_POINT('',(0.E0,1.175E2,1.E0));
#2313=DIRECTION('',(0.E0,0.E0,1.E0));
#2314=DIRECTION('',(1.E0,0.E0,0.E0));
#2315=AXIS2_PLACEMENT_3D('',#2312,#2313,#2314);
#2317=CURVE_STYLE('',#49,POSITIVE_LENGTH_MEASURE(2.E-2),#42);
#2318=PRESENTATION_STYLE_ASSIGNMENT((#2317));
#2319=STYLED_ITEM('',(#2318),#2316);
#2320=CARTESIAN_POINT('',(0.E0,1.175E2,1.E0));
#2321=DIRECTION('',(0.E0,0.E0,1.E0));
#2322=DIRECTION('',(-1.E0,0.E0,0.E0));
#2323=AXIS2_PLACEMENT_3D('',#2320,#2321,#2322);
#2325=CURVE_STYLE('',#49,POSITIVE_LENGTH_MEASURE(2.E-2),#42);
#2326=PRESENTATION_STYLE_ASSIGNMENT((#2325));
#2327=STYLED_ITEM('',(#2326),#2324);
#2328=CARTESIAN_POINT('',(-5.875E1,1.017579849447E2,1.E0));
#2329=DIRECTION('',(0.E0,0.E0,1.E0));
#2330=DIRECTION('',(8.660254037844E-1,5.E-1,0.E0));
#2331=AXIS2_PLACEMENT_3D('',#2328,#2329,#2330);
#2333=CURVE_STYLE('',#49,POSITIVE_LENGTH_MEASURE(2.E-2),#42);
#2334=PRESENTATION_STYLE_ASSIGNMENT((#2333));
#2335=STYLED_ITEM('',(#2334),#2332);
#2336=CARTESIAN_POINT('',(-5.875E1,1.017579849447E2,1.E0));
#2337=DIRECTION('',(0.E0,0.E0,1.E0));
#2338=DIRECTION('',(-8.660254037844E-1,-5.E-1,0.E0));
#2339=AXIS2_PLACEMENT_3D('',#2336,#2337,#2338);
#2341=CURVE_STYLE('',#49,POSITIVE_LENGTH_MEASURE(2.E-2),#42);
#2342=PRESENTATION_STYLE_ASSIGNMENT((#2341));
#2343=STYLED_ITEM('',(#2342),#2340);
#2344=CARTESIAN_POINT('',(-1.017579849447E2,5.875E1,1.E0));
#2345=DIRECTION('',(0.E0,0.E0,1.E0));
#2346=DIRECTION('',(5.E-1,8.660254037844E-1,0.E0));
#2347=AXIS2_PLACEMENT_3D('',#2344,#2345,#2346);
#2349=CURVE_STYLE('',#49,POSITIVE_LENGTH_MEASURE(2.E-2),#42);
#2350=PRESENTATION_STYLE_ASSIGNMENT((#2349));
#2351=STYLED_ITEM('',(#2350),#2348);
#2352=CARTESIAN_POINT('',(-1.017579849447E2,5.875E1,1.E0));
#2353=DIRECTION('',(0.E0,0.E0,1.E0));
#2354=DIRECTION('',(-5.E-1,-8.660254037844E-1,0.E0));
#2355=AXIS2_PLACEMENT_3D('',#2352,#2353,#2354);
#2357=CURVE_STYLE('',#49,POSITIVE_LENGTH_MEASURE(2.E-2),#42);
#2358=PRESENTATION_STYLE_ASSIGNMENT((#2357));
#2359=STYLED_ITEM('',(#2358),#2356);
#2360=CARTESIAN_POINT('',(-1.175E2,0.E0,1.E0));
#2361=DIRECTION('',(0.E0,0.E0,1.E0));
#2362=DIRECTION('',(0.E0,1.E0,0.E0));
#2363=AXIS2_PLACEMENT_3D('',#2360,#2361,#2362);
#2365=CURVE_STYLE('',#49,POSITIVE_LENGTH_MEASURE(2.E-2),#42);
#2366=PRESENTATION_STYLE_ASSIGNMENT((#2365));
#2367=STYLED_ITEM('',(#2366),#2364);
#2368=CARTESIAN_POINT('',(-1.175E2,0.E0,1.E0));
#2369=DIRECTION('',(0.E0,0.E0,1.E0));
#2370=DIRECTION('',(0.E0,-1.E0,0.E0));
#2371=AXIS2_PLACEMENT_3D('',#2368,#2369,#2370);
#2373=CURVE_STYLE('',#49,POSITIVE_LENGTH_MEASURE(2.E-2),#42);
#2374=PRESENTATION_STYLE_ASSIGNMENT((#2373));
#2375=STYLED_ITEM('',(#2374),#2372);
#2376=CARTESIAN_POINT('',(-1.017579849447E2,-5.875E1,1.E0));
#2377=DIRECTION('',(0.E0,0.E0,1.E0));
#2378=DIRECTION('',(-5.E-1,8.660254037844E-1,0.E0));
#2379=AXIS2_PLACEMENT_3D('',#2376,#2377,#2378);
#2381=CURVE_STYLE('',#49,POSITIVE_LENGTH_MEASURE(2.E-2),#42);
#2382=PRESENTATION_STYLE_ASSIGNMENT((#2381));
#2383=STYLED_ITEM('',(#2382),#2380);
#2384=CARTESIAN_POINT('',(-1.017579849447E2,-5.875E1,1.E0));
#2385=DIRECTION('',(0.E0,0.E0,1.E0));
#2386=DIRECTION('',(5.E-1,-8.660254037844E-1,0.E0));
#2387=AXIS2_PLACEMENT_3D('',#2384,#2385,#2386);
#2389=CURVE_STYLE('',#49,POSITIVE_LENGTH_MEASURE(2.E-2),#42);
#2390=PRESENTATION_STYLE_ASSIGNMENT((#2389));
#2391=STYLED_ITEM('',(#2390),#2388);
#2392=CARTESIAN_POINT('',(-5.875E1,-1.017579849447E2,1.E0));
#2393=DIRECTION('',(0.E0,0.E0,1.E0));
#2394=DIRECTION('',(-8.660254037844E-1,5.E-1,0.E0));
#2395=AXIS2_PLACEMENT_3D('',#2392,#2393,#2394);
#2397=CURVE_STYLE('',#49,POSITIVE_LENGTH_MEASURE(2.E-2),#42);
#2398=PRESENTATION_STYLE_ASSIGNMENT((#2397));
#2399=STYLED_ITEM('',(#2398),#2396);
#2400=CARTESIAN_POINT('',(-5.875E1,-1.017579849447E2,1.E0));
#2401=DIRECTION('',(0.E0,0.E0,1.E0));
#2402=DIRECTION('',(8.660254037844E-1,-5.E-1,0.E0));
#2403=AXIS2_PLACEMENT_3D('',#2400,#2401,#2402);
#2405=CURVE_STYLE('',#49,POSITIVE_LENGTH_MEASURE(2.E-2),#42);
#2406=PRESENTATION_STYLE_ASSIGNMENT((#2405));
#2407=STYLED_ITEM('',(#2406),#2404);
#2408=CARTESIAN_POINT('',(-1.438959988998E-14,-1.175E2,1.E0));
#2409=DIRECTION('',(0.E0,0.E0,1.E0));
#2410=DIRECTION('',(-1.E0,0.E0,0.E0));
#2411=AXIS2_PLACEMENT_3D('',#2408,#2409,#2410);
#2413=CURVE_STYLE('',#49,POSITIVE_LENGTH_MEASURE(2.E-2),#42);
#2414=PRESENTATION_STYLE_ASSIGNMENT((#2413));
#2415=STYLED_ITEM('',(#2414),#2412);
#2416=CARTESIAN_POINT('',(-1.438959988998E-14,-1.175E2,1.E0));
#2417=DIRECTION('',(0.E0,0.E0,1.E0));
#2418=DIRECTION('',(1.E0,0.E0,0.E0));
#2419=AXIS2_PLACEMENT_3D('',#2416,#2417,#2418);
#2421=CURVE_STYLE('',#49,POSITIVE_LENGTH_MEASURE(2.E-2),#42);
#2422=PRESENTATION_STYLE_ASSIGNMENT((#2421));
#2423=STYLED_ITEM('',(#2422),#2420);
#2424=CARTESIAN_POINT('',(5.875E1,-1.017579849447E2,1.E0));
#2425=DIRECTION('',(0.E0,0.E0,1.E0));
#2426=DIRECTION('',(-8.660254037844E-1,-5.E-1,0.E0));
#2427=AXIS2_PLACEMENT_3D('',#2424,#2425,#2426);
#2429=CURVE_STYLE('',#49,POSITIVE_LENGTH_MEASURE(2.E-2),#42);
#2430=PRESENTATION_STYLE_ASSIGNMENT((#2429));
#2431=STYLED_ITEM('',(#2430),#2428);
#2432=CARTESIAN_POINT('',(5.875E1,-1.017579849447E2,1.E0));
#2433=DIRECTION('',(0.E0,0.E0,1.E0));
#2434=DIRECTION('',(8.660254037844E-1,5.E-1,0.E0));
#2435=AXIS2_PLACEMENT_3D('',#2432,#2433,#2434);
#2437=CURVE_STYLE('',#49,POSITIVE_LENGTH_MEASURE(2.E-2),#42);
#2438=PRESENTATION_STYLE_ASSIGNMENT((#2437));
#2439=STYLED_ITEM('',(#2438),#2436);
#2440=CARTESIAN_POINT('',(1.017579849447E2,-5.875E1,1.E0));
#2441=DIRECTION('',(0.E0,0.E0,1.E0));
#2442=DIRECTION('',(-5.E-1,-8.660254037844E-1,0.E0));
#2443=AXIS2_PLACEMENT_3D('',#2440,#2441,#2442);
#2445=CURVE_STYLE('',#49,POSITIVE_LENGTH_MEASURE(2.E-2),#42);
#2446=PRESENTATION_STYLE_ASSIGNMENT((#2445));
#2447=STYLED_ITEM('',(#2446),#2444);
#2448=CARTESIAN_POINT('',(1.017579849447E2,-5.875E1,1.E0));
#2449=DIRECTION('',(0.E0,0.E0,1.E0));
#2450=DIRECTION('',(5.E-1,8.660254037844E-1,0.E0));
#2451=AXIS2_PLACEMENT_3D('',#2448,#2449,#2450);
#2453=CURVE_STYLE('',#49,POSITIVE_LENGTH_MEASURE(2.E-2),#42);
#2454=PRESENTATION_STYLE_ASSIGNMENT((#2453));
#2455=STYLED_ITEM('',(#2454),#2452);
#2456=CARTESIAN_POINT('',(1.175E2,-2.158439371174E-14,1.E0));
#2457=DIRECTION('',(0.E0,0.E0,1.E0));
#2458=DIRECTION('',(0.E0,-1.E0,0.E0));
#2459=AXIS2_PLACEMENT_3D('',#2456,#2457,#2458);
#2461=CURVE_STYLE('',#49,POSITIVE_LENGTH_MEASURE(2.E-2),#42);
#2462=PRESENTATION_STYLE_ASSIGNMENT((#2461));
#2463=STYLED_ITEM('',(#2462),#2460);
#2464=CARTESIAN_POINT('',(1.175E2,-2.158439371174E-14,1.E0));
#2465=DIRECTION('',(0.E0,0.E0,1.E0));
#2466=DIRECTION('',(0.E0,1.E0,0.E0));
#2467=AXIS2_PLACEMENT_3D('',#2464,#2465,#2466);
#2469=CURVE_STYLE('',#49,POSITIVE_LENGTH_MEASURE(2.E-2),#42);
#2470=PRESENTATION_STYLE_ASSIGNMENT((#2469));
#2471=STYLED_ITEM('',(#2470),#2468);
#2472=CARTESIAN_POINT('',(1.017579849447E2,5.875E1,1.E0));
#2473=DIRECTION('',(0.E0,0.E0,1.E0));
#2474=DIRECTION('',(5.E-1,-8.660254037844E-1,0.E0));
#2475=AXIS2_PLACEMENT_3D('',#2472,#2473,#2474);
#2477=CURVE_STYLE('',#49,POSITIVE_LENGTH_MEASURE(2.E-2),#42);
#2478=PRESENTATION_STYLE_ASSIGNMENT((#2477));
#2479=STYLED_ITEM('',(#2478),#2476);
#2480=CARTESIAN_POINT('',(1.017579849447E2,5.875E1,1.E0));
#2481=DIRECTION('',(0.E0,0.E0,1.E0));
#2482=DIRECTION('',(-5.E-1,8.660254037844E-1,0.E0));
#2483=AXIS2_PLACEMENT_3D('',#2480,#2481,#2482);
#2485=CURVE_STYLE('',#49,POSITIVE_LENGTH_MEASURE(2.E-2),#42);
#2486=PRESENTATION_STYLE_ASSIGNMENT((#2485));
#2487=STYLED_ITEM('',(#2486),#2484);
#2488=CARTESIAN_POINT('',(5.875E1,1.017579849447E2,1.E0));
#2489=DIRECTION('',(0.E0,0.E0,1.E0));
#2490=DIRECTION('',(8.660254037844E-1,-5.E-1,0.E0));
#2491=AXIS2_PLACEMENT_3D('',#2488,#2489,#2490);
#2493=CURVE_STYLE('',#49,POSITIVE_LENGTH_MEASURE(2.E-2),#42);
#2494=PRESENTATION_STYLE_ASSIGNMENT((#2493));
#2495=STYLED_ITEM('',(#2494),#2492);
#2496=CARTESIAN_POINT('',(5.875E1,1.017579849447E2,1.E0));
#2497=DIRECTION('',(0.E0,0.E0,1.E0));
#2498=DIRECTION('',(-8.660254037844E-1,5.E-1,0.E0));
#2499=AXIS2_PLACEMENT_3D('',#2496,#2497,#2498);
#2501=CURVE_STYLE('',#49,POSITIVE_LENGTH_MEASURE(2.E-2),#42);
#2502=PRESENTATION_STYLE_ASSIGNMENT((#2501));
#2503=STYLED_ITEM('',(#2502),#2500);
#2504=DIRECTION('',(0.E0,0.E0,1.E0));
#2505=VECTOR('',#2504,1.E0);
#2506=CARTESIAN_POINT('',(1.29E2,-1.579794370900E-14,0.E0));
#2507=LINE('',#2506,#2505);
#2508=CURVE_STYLE('',#49,POSITIVE_LENGTH_MEASURE(2.E-2),#42);
#2509=PRESENTATION_STYLE_ASSIGNMENT((#2508));
#2510=STYLED_ITEM('',(#2509),#2507);
#2511=DIRECTION('',(0.E0,0.E0,1.E0));
#2512=VECTOR('',#2511,1.E0);
#2513=CARTESIAN_POINT('',(-1.29E2,1.579794370900E-14,0.E0));
#2514=LINE('',#2513,#2512);
#2515=CURVE_STYLE('',#49,POSITIVE_LENGTH_MEASURE(2.E-2),#42);
#2516=PRESENTATION_STYLE_ASSIGNMENT((#2515));
#2517=STYLED_ITEM('',(#2516),#2514);
#2518=DIRECTION('',(0.E0,0.E0,1.E0));
#2519=VECTOR('',#2518,1.E0);
#2520=CARTESIAN_POINT('',(4.25E0,1.175E2,0.E0));
#2521=LINE('',#2520,#2519);
#2522=CURVE_STYLE('',#49,POSITIVE_LENGTH_MEASURE(2.E-2),#42);
#2523=PRESENTATION_STYLE_ASSIGNMENT((#2522));
#2524=STYLED_ITEM('',(#2523),#2521);
#2525=DIRECTION('',(0.E0,0.E0,1.E0));
#2526=VECTOR('',#2525,1.E0);
#2527=CARTESIAN_POINT('',(-4.25E0,1.175E2,0.E0));
#2528=LINE('',#2527,#2526);
#2529=CURVE_STYLE('',#49,POSITIVE_LENGTH_MEASURE(2.E-2),#42);
#2530=PRESENTATION_STYLE_ASSIGNMENT((#2529));
#2531=STYLED_ITEM('',(#2530),#2528);
#2532=DIRECTION('',(0.E0,0.E0,1.E0));
#2533=VECTOR('',#2532,1.E0);
#2534=CARTESIAN_POINT('',(-5.506939203392E1,1.038829849447E2,0.E0));
#2535=LINE('',#2534,#2533);
#2536=CURVE_STYLE('',#49,POSITIVE_LENGTH_MEASURE(2.E-2),#42);
#2537=PRESENTATION_STYLE_ASSIGNMENT((#2536));
#2538=STYLED_ITEM('',(#2537),#2535);
#2539=DIRECTION('',(0.E0,0.E0,1.E0));
#2540=VECTOR('',#2539,1.E0);
#2541=CARTESIAN_POINT('',(-6.243060796608E1,9.963298494467E1,0.E0));
#2542=LINE('',#2541,#2540);
#2543=CURVE_STYLE('',#49,POSITIVE_LENGTH_MEASURE(2.E-2),#42);
#2544=PRESENTATION_STYLE_ASSIGNMENT((#2543));
#2545=STYLED_ITEM('',(#2544),#2542);
#2546=DIRECTION('',(0.E0,0.E0,1.E0));
#2547=VECTOR('',#2546,1.E0);
#2548=CARTESIAN_POINT('',(-9.963298494467E1,6.243060796608E1,0.E0));
#2549=LINE('',#2548,#2547);
#2550=CURVE_STYLE('',#49,POSITIVE_LENGTH_MEASURE(2.E-2),#42);
#2551=PRESENTATION_STYLE_ASSIGNMENT((#2550));
#2552=STYLED_ITEM('',(#2551),#2549);
#2553=DIRECTION('',(0.E0,0.E0,1.E0));
#2554=VECTOR('',#2553,1.E0);
#2555=CARTESIAN_POINT('',(-1.038829849447E2,5.506939203392E1,0.E0));
#2556=LINE('',#2555,#2554);
#2557=CURVE_STYLE('',#49,POSITIVE_LENGTH_MEASURE(2.E-2),#42);
#2558=PRESENTATION_STYLE_ASSIGNMENT((#2557));
#2559=STYLED_ITEM('',(#2558),#2556);
#2560=DIRECTION('',(0.E0,0.E0,1.E0));
#2561=VECTOR('',#2560,1.E0);
#2562=CARTESIAN_POINT('',(-1.175E2,4.25E0,0.E0));
#2563=LINE('',#2562,#2561);
#2564=CURVE_STYLE('',#49,POSITIVE_LENGTH_MEASURE(2.E-2),#42);
#2565=PRESENTATION_STYLE_ASSIGNMENT((#2564));
#2566=STYLED_ITEM('',(#2565),#2563);
#2567=DIRECTION('',(0.E0,0.E0,1.E0));
#2568=VECTOR('',#2567,1.E0);
#2569=CARTESIAN_POINT('',(-1.175E2,-4.25E0,0.E0));
#2570=LINE('',#2569,#2568);
#2571=CURVE_STYLE('',#49,POSITIVE_LENGTH_MEASURE(2.E-2),#42);
#2572=PRESENTATION_STYLE_ASSIGNMENT((#2571));
#2573=STYLED_ITEM('',(#2572),#2570);
#2574=DIRECTION('',(0.E0,0.E0,1.E0));
#2575=VECTOR('',#2574,1.E0);
#2576=CARTESIAN_POINT('',(-1.038829849447E2,-5.506939203392E1,0.E0));
#2577=LINE('',#2576,#2575);
#2578=CURVE_STYLE('',#49,POSITIVE_LENGTH_MEASURE(2.E-2),#42);
#2579=PRESENTATION_STYLE_ASSIGNMENT((#2578));
#2580=STYLED_ITEM('',(#2579),#2577);
#2581=DIRECTION('',(0.E0,0.E0,1.E0));
#2582=VECTOR('',#2581,1.E0);
#2583=CARTESIAN_POINT('',(-9.963298494467E1,-6.243060796608E1,0.E0));
#2584=LINE('',#2583,#2582);
#2585=CURVE_STYLE('',#49,POSITIVE_LENGTH_MEASURE(2.E-2),#42);
#2586=PRESENTATION_STYLE_ASSIGNMENT((#2585));
#2587=STYLED_ITEM('',(#2586),#2584);
#2588=DIRECTION('',(0.E0,0.E0,1.E0));
#2589=VECTOR('',#2588,1.E0);
#2590=CARTESIAN_POINT('',(-6.243060796608E1,-9.963298494467E1,0.E0));
#2591=LINE('',#2590,#2589);
#2592=CURVE_STYLE('',#49,POSITIVE_LENGTH_MEASURE(2.E-2),#42);
#2593=PRESENTATION_STYLE_ASSIGNMENT((#2592));
#2594=STYLED_ITEM('',(#2593),#2591);
#2595=DIRECTION('',(0.E0,0.E0,1.E0));
#2596=VECTOR('',#2595,1.E0);
#2597=CARTESIAN_POINT('',(-5.506939203392E1,-1.038829849447E2,0.E0));
#2598=LINE('',#2597,#2596);
#2599=CURVE_STYLE('',#49,POSITIVE_LENGTH_MEASURE(2.E-2),#42);
#2600=PRESENTATION_STYLE_ASSIGNMENT((#2599));
#2601=STYLED_ITEM('',(#2600),#2598);
#2602=DIRECTION('',(0.E0,0.E0,1.E0));
#2603=VECTOR('',#2602,1.E0);
#2604=CARTESIAN_POINT('',(-4.25E0,-1.175E2,0.E0));
#2605=LINE('',#2604,#2603);
#2606=CURVE_STYLE('',#49,POSITIVE_LENGTH_MEASURE(2.E-2),#42);
#2607=PRESENTATION_STYLE_ASSIGNMENT((#2606));
#2608=STYLED_ITEM('',(#2607),#2605);
#2609=DIRECTION('',(0.E0,0.E0,1.E0));
#2610=VECTOR('',#2609,1.E0);
#2611=CARTESIAN_POINT('',(4.25E0,-1.175E2,0.E0));
#2612=LINE('',#2611,#2610);
#2613=CURVE_STYLE('',#49,POSITIVE_LENGTH_MEASURE(2.E-2),#42);
#2614=PRESENTATION_STYLE_ASSIGNMENT((#2613));
#2615=STYLED_ITEM('',(#2614),#2612);
#2616=DIRECTION('',(0.E0,0.E0,1.E0));
#2617=VECTOR('',#2616,1.E0);
#2618=CARTESIAN_POINT('',(5.506939203392E1,-1.038829849447E2,0.E0));
#2619=LINE('',#2618,#2617);
#2620=CURVE_STYLE('',#49,POSITIVE_LENGTH_MEASURE(2.E-2),#42);
#2621=PRESENTATION_STYLE_ASSIGNMENT((#2620));
#2622=STYLED_ITEM('',(#2621),#2619);
#2623=DIRECTION('',(0.E0,0.E0,1.E0));
#2624=VECTOR('',#2623,1.E0);
#2625=CARTESIAN_POINT('',(6.243060796608E1,-9.963298494467E1,0.E0));
#2626=LINE('',#2625,#2624);
#2627=CURVE_STYLE('',#49,POSITIVE_LENGTH_MEASURE(2.E-2),#42);
#2628=PRESENTATION_STYLE_ASSIGNMENT((#2627));
#2629=STYLED_ITEM('',(#2628),#2626);
#2630=DIRECTION('',(0.E0,0.E0,1.E0));
#2631=VECTOR('',#2630,1.E0);
#2632=CARTESIAN_POINT('',(9.963298494467E1,-6.243060796608E1,0.E0));
#2633=LINE('',#2632,#2631);
#2634=CURVE_STYLE('',#49,POSITIVE_LENGTH_MEASURE(2.E-2),#42);
#2635=PRESENTATION_STYLE_ASSIGNMENT((#2634));
#2636=STYLED_ITEM('',(#2635),#2633);
#2637=DIRECTION('',(0.E0,0.E0,1.E0));
#2638=VECTOR('',#2637,1.E0);
#2639=CARTESIAN_POINT('',(1.038829849447E2,-5.506939203392E1,0.E0));
#2640=LINE('',#2639,#2638);
#2641=CURVE_STYLE('',#49,POSITIVE_LENGTH_MEASURE(2.E-2),#42);
#2642=PRESENTATION_STYLE_ASSIGNMENT((#2641));
#2643=STYLED_ITEM('',(#2642),#2640);
#2644=DIRECTION('',(0.E0,0.E0,1.E0));
#2645=VECTOR('',#2644,1.E0);
#2646=CARTESIAN_POINT('',(1.175E2,-4.25E0,0.E0));
#2647=LINE('',#2646,#2645);
#2648=CURVE_STYLE('',#49,POSITIVE_LENGTH_MEASURE(2.E-2),#42);
#2649=PRESENTATION_STYLE_ASSIGNMENT((#2648));
#2650=STYLED_ITEM('',(#2649),#2647);
#2651=DIRECTION('',(0.E0,0.E0,1.E0));
#2652=VECTOR('',#2651,1.E0);
#2653=CARTESIAN_POINT('',(1.175E2,4.25E0,0.E0));
#2654=LINE('',#2653,#2652);
#2655=CURVE_STYLE('',#49,POSITIVE_LENGTH_MEASURE(2.E-2),#42);
#2656=PRESENTATION_STYLE_ASSIGNMENT((#2655));
#2657=STYLED_ITEM('',(#2656),#2654);
#2658=DIRECTION('',(0.E0,0.E0,1.E0));
#2659=VECTOR('',#2658,1.E0);
#2660=CARTESIAN_POINT('',(1.038829849447E2,5.506939203392E1,0.E0));
#2661=LINE('',#2660,#2659);
#2662=CURVE_STYLE('',#49,POSITIVE_LENGTH_MEASURE(2.E-2),#42);
#2663=PRESENTATION_STYLE_ASSIGNMENT((#2662));
#2664=STYLED_ITEM('',(#2663),#2661);
#2665=DIRECTION('',(0.E0,0.E0,1.E0));
#2666=VECTOR('',#2665,1.E0);
#2667=CARTESIAN_POINT('',(9.963298494467E1,6.243060796608E1,0.E0));
#2668=LINE('',#2667,#2666);
#2669=CURVE_STYLE('',#49,POSITIVE_LENGTH_MEASURE(2.E-2),#42);
#2670=PRESENTATION_STYLE_ASSIGNMENT((#2669));
#2671=STYLED_ITEM('',(#2670),#2668);
#2672=DIRECTION('',(0.E0,0.E0,1.E0));
#2673=VECTOR('',#2672,1.E0);
#2674=CARTESIAN_POINT('',(6.243060796608E1,9.963298494467E1,0.E0));
#2675=LINE('',#2674,#2673);
#2676=CURVE_STYLE('',#49,POSITIVE_LENGTH_MEASURE(2.E-2),#42);
#2677=PRESENTATION_STYLE_ASSIGNMENT((#2676));
#2678=STYLED_ITEM('',(#2677),#2675);
#2679=DIRECTION('',(0.E0,0.E0,1.E0));
#2680=VECTOR('',#2679,1.E0);
#2681=CARTESIAN_POINT('',(5.506939203392E1,1.038829849447E2,0.E0));
#2682=LINE('',#2681,#2680);
#2683=CURVE_STYLE('',#49,POSITIVE_LENGTH_MEASURE(2.E-2),#42);
#2684=PRESENTATION_STYLE_ASSIGNMENT((#2683));
#2685=STYLED_ITEM('',(#2684),#2682);
#2686=CARTESIAN_POINT('',(1.E2,-1.224646799147E-14,0.E0));
#2687=CARTESIAN_POINT('',(-1.E2,0.E0,0.E0));
#2688=VERTEX_POINT('',#2686);
#2689=VERTEX_POINT('',#2687);
#2690=CARTESIAN_POINT('',(1.29E2,-1.579794370900E-14,0.E0));
#2691=CARTESIAN_POINT('',(-1.29E2,3.159588741800E-14,0.E0));
#2692=VERTEX_POINT('',#2690);
#2693=VERTEX_POINT('',#2691);
#2694=CARTESIAN_POINT('',(1.E2,-1.224646799147E-14,1.E0));
#2695=CARTESIAN_POINT('',(-1.E2,0.E0,1.E0));
#2696=VERTEX_POINT('',#2694);
#2697=VERTEX_POINT('',#2695);
#2698=CARTESIAN_POINT('',(1.29E2,-1.579794370900E-14,1.E0));
#2699=CARTESIAN_POINT('',(-1.29E2,3.159588741800E-14,1.E0));
#2700=VERTEX_POINT('',#2698);
#2701=VERTEX_POINT('',#2699);
#2702=CARTESIAN_POINT('',(4.25E0,1.175E2,0.E0));
#2703=CARTESIAN_POINT('',(-4.25E0,1.175E2,0.E0));
#2704=VERTEX_POINT('',#2702);
#2705=VERTEX_POINT('',#2703);
#2706=CARTESIAN_POINT('',(4.25E0,1.175E2,1.E0));
#2707=CARTESIAN_POINT('',(-4.25E0,1.175E2,1.E0));
#2708=VERTEX_POINT('',#2706);
#2709=VERTEX_POINT('',#2707);
#2710=CARTESIAN_POINT('',(-5.506939203392E1,1.038829849447E2,0.E0));
#2711=CARTESIAN_POINT('',(-6.243060796608E1,9.963298494467E1,0.E0));
#2712=VERTEX_POINT('',#2710);
#2713=VERTEX_POINT('',#2711);
#2714=CARTESIAN_POINT('',(-5.506939203392E1,1.038829849447E2,1.E0));
#2715=CARTESIAN_POINT('',(-6.243060796608E1,9.963298494467E1,1.E0));
#2716=VERTEX_POINT('',#2714);
#2717=VERTEX_POINT('',#2715);
#2718=CARTESIAN_POINT('',(-9.963298494467E1,6.243060796608E1,0.E0));
#2719=CARTESIAN_POINT('',(-1.038829849447E2,5.506939203392E1,0.E0));
#2720=VERTEX_POINT('',#2718);
#2721=VERTEX_POINT('',#2719);
#2722=CARTESIAN_POINT('',(-9.963298494467E1,6.243060796608E1,1.E0));
#2723=CARTESIAN_POINT('',(-1.038829849447E2,5.506939203392E1,1.E0));
#2724=VERTEX_POINT('',#2722);
#2725=VERTEX_POINT('',#2723);
#2726=CARTESIAN_POINT('',(-1.175E2,4.25E0,0.E0));
#2727=CARTESIAN_POINT('',(-1.175E2,-4.25E0,0.E0));
#2728=VERTEX_POINT('',#2726);
#2729=VERTEX_POINT('',#2727);
#2730=CARTESIAN_POINT('',(-1.175E2,4.25E0,1.E0));
#2731=CARTESIAN_POINT('',(-1.175E2,-4.25E0,1.E0));
#2732=VERTEX_POINT('',#2730);
#2733=VERTEX_POINT('',#2731);
#2734=CARTESIAN_POINT('',(-1.038829849447E2,-5.506939203392E1,0.E0));
#2735=CARTESIAN_POINT('',(-9.963298494467E1,-6.243060796608E1,0.E0));
#2736=VERTEX_POINT('',#2734);
#2737=VERTEX_POINT('',#2735);
#2738=CARTESIAN_POINT('',(-1.038829849447E2,-5.506939203392E1,1.E0));
#2739=CARTESIAN_POINT('',(-9.963298494467E1,-6.243060796608E1,1.E0));
#2740=VERTEX_POINT('',#2738);
#2741=VERTEX_POINT('',#2739);
#2742=CARTESIAN_POINT('',(-6.243060796608E1,-9.963298494467E1,0.E0));
#2743=CARTESIAN_POINT('',(-5.506939203392E1,-1.038829849447E2,0.E0));
#2744=VERTEX_POINT('',#2742);
#2745=VERTEX_POINT('',#2743);
#2746=CARTESIAN_POINT('',(-6.243060796608E1,-9.963298494467E1,1.E0));
#2747=CARTESIAN_POINT('',(-5.506939203392E1,-1.038829849447E2,1.E0));
#2748=VERTEX_POINT('',#2746);
#2749=VERTEX_POINT('',#2747);
#2750=CARTESIAN_POINT('',(-4.25E0,-1.175E2,0.E0));
#2751=CARTESIAN_POINT('',(4.25E0,-1.175E2,0.E0));
#2752=VERTEX_POINT('',#2750);
#2753=VERTEX_POINT('',#2751);
#2754=CARTESIAN_POINT('',(-4.25E0,-1.175E2,1.E0));
#2755=CARTESIAN_POINT('',(4.25E0,-1.175E2,1.E0));
#2756=VERTEX_POINT('',#2754);
#2757=VERTEX_POINT('',#2755);
#2758=CARTESIAN_POINT('',(5.506939203392E1,-1.038829849447E2,0.E0));
#2759=CARTESIAN_POINT('',(6.243060796608E1,-9.963298494467E1,0.E0));
#2760=VERTEX_POINT('',#2758);
#2761=VERTEX_POINT('',#2759);
#2762=CARTESIAN_POINT('',(5.506939203392E1,-1.038829849447E2,1.E0));
#2763=CARTESIAN_POINT('',(6.243060796608E1,-9.963298494467E1,1.E0));
#2764=VERTEX_POINT('',#2762);
#2765=VERTEX_POINT('',#2763);
#2766=CARTESIAN_POINT('',(9.963298494467E1,-6.243060796608E1,0.E0));
#2767=CARTESIAN_POINT('',(1.038829849447E2,-5.506939203392E1,0.E0));
#2768=VERTEX_POINT('',#2766);
#2769=VERTEX_POINT('',#2767);
#2770=CARTESIAN_POINT('',(9.963298494467E1,-6.243060796608E1,1.E0));
#2771=CARTESIAN_POINT('',(1.038829849447E2,-5.506939203392E1,1.E0));
#2772=VERTEX_POINT('',#2770);
#2773=VERTEX_POINT('',#2771);
#2774=CARTESIAN_POINT('',(1.175E2,-4.25E0,0.E0));
#2775=CARTESIAN_POINT('',(1.175E2,4.25E0,0.E0));
#2776=VERTEX_POINT('',#2774);
#2777=VERTEX_POINT('',#2775);
#2778=CARTESIAN_POINT('',(1.175E2,-4.25E0,1.E0));
#2779=CARTESIAN_POINT('',(1.175E2,4.25E0,1.E0));
#2780=VERTEX_POINT('',#2778);
#2781=VERTEX_POINT('',#2779);
#2782=CARTESIAN_POINT('',(1.038829849447E2,5.506939203392E1,0.E0));
#2783=CARTESIAN_POINT('',(9.963298494467E1,6.243060796608E1,0.E0));
#2784=VERTEX_POINT('',#2782);
#2785=VERTEX_POINT('',#2783);
#2786=CARTESIAN_POINT('',(1.038829849447E2,5.506939203392E1,1.E0));
#2787=CARTESIAN_POINT('',(9.963298494467E1,6.243060796608E1,1.E0));
#2788=VERTEX_POINT('',#2786);
#2789=VERTEX_POINT('',#2787);
#2790=CARTESIAN_POINT('',(6.243060796608E1,9.963298494467E1,0.E0));
#2791=CARTESIAN_POINT('',(5.506939203392E1,1.038829849447E2,0.E0));
#2792=VERTEX_POINT('',#2790);
#2793=VERTEX_POINT('',#2791);
#2794=CARTESIAN_POINT('',(6.243060796608E1,9.963298494467E1,1.E0));
#2795=CARTESIAN_POINT('',(5.506939203392E1,1.038829849447E2,1.E0));
#2796=VERTEX_POINT('',#2794);
#2797=VERTEX_POINT('',#2795);
#2798=CARTESIAN_POINT('',(0.E0,0.E0,0.E0));
#2799=DIRECTION('',(0.E0,0.E0,1.E0));
#2800=DIRECTION('',(1.E0,0.E0,0.E0));
#2801=AXIS2_PLACEMENT_3D('',#2798,#2799,#2800);
#2802=PLANE('',#2801);
#2804=ORIENTED_EDGE('',*,*,#2803,.T.);
#2806=ORIENTED_EDGE('',*,*,#2805,.T.);
#2807=EDGE_LOOP('',(#2804,#2806));
#2808=FACE_OUTER_BOUND('',#2807,.F.);
#2810=ORIENTED_EDGE('',*,*,#2809,.T.);
#2812=ORIENTED_EDGE('',*,*,#2811,.T.);
#2813=EDGE_LOOP('',(#2810,#2812));
#2814=FACE_BOUND('',#2813,.F.);
#2816=ORIENTED_EDGE('',*,*,#2815,.F.);
#2818=ORIENTED_EDGE('',*,*,#2817,.F.);
#2819=EDGE_LOOP('',(#2816,#2818));
#2820=FACE_BOUND('',#2819,.F.);
#2822=ORIENTED_EDGE('',*,*,#2821,.F.);
#2824=ORIENTED_EDGE('',*,*,#2823,.F.);
#2825=EDGE_LOOP('',(#2822,#2824));
#2826=FACE_BOUND('',#2825,.F.);
#2828=ORIENTED_EDGE('',*,*,#2827,.F.);
#2830=ORIENTED_EDGE('',*,*,#2829,.F.);
#2831=EDGE_LOOP('',(#2828,#2830));
#2832=FACE_BOUND('',#2831,.F.);
#2834=ORIENTED_EDGE('',*,*,#2833,.F.);
#2836=ORIENTED_EDGE('',*,*,#2835,.F.);
#2837=EDGE_LOOP('',(#2834,#2836));
#2838=FACE_BOUND('',#2837,.F.);
#2840=ORIENTED_EDGE('',*,*,#2839,.F.);
#2842=ORIENTED_EDGE('',*,*,#2841,.F.);
#2843=EDGE_LOOP('',(#2840,#2842));
#2844=FACE_BOUND('',#2843,.F.);
#2846=ORIENTED_EDGE('',*,*,#2845,.F.);
#2848=ORIENTED_EDGE('',*,*,#2847,.F.);
#2849=EDGE_LOOP('',(#2846,#2848));
#2850=FACE_BOUND('',#2849,.F.);
#2852=ORIENTED_EDGE('',*,*,#2851,.F.);
#2854=ORIENTED_EDGE('',*,*,#2853,.F.);
#2855=EDGE_LOOP('',(#2852,#2854));
#2856=FACE_BOUND('',#2855,.F.);
#2858=ORIENTED_EDGE('',*,*,#2857,.F.);
#2860=ORIENTED_EDGE('',*,*,#2859,.F.);
#2861=EDGE_LOOP('',(#2858,#2860));
#2862=FACE_BOUND('',#2861,.F.);
#2864=ORIENTED_EDGE('',*,*,#2863,.F.);
#2866=ORIENTED_EDGE('',*,*,#2865,.F.);
#2867=EDGE_LOOP('',(#2864,#2866));
#2868=FACE_BOUND('',#2867,.F.);
#2870=ORIENTED_EDGE('',*,*,#2869,.F.);
#2872=ORIENTED_EDGE('',*,*,#2871,.F.);
#2873=EDGE_LOOP('',(#2870,#2872));
#2874=FACE_BOUND('',#2873,.F.);
#2876=ORIENTED_EDGE('',*,*,#2875,.F.);
#2878=ORIENTED_EDGE('',*,*,#2877,.F.);
#2879=EDGE_LOOP('',(#2876,#2878));
#2880=FACE_BOUND('',#2879,.F.);
#2882=ORIENTED_EDGE('',*,*,#2881,.F.);
#2884=ORIENTED_EDGE('',*,*,#2883,.F.);
#2885=EDGE_LOOP('',(#2882,#2884));
#2886=FACE_BOUND('',#2885,.F.);
#2888=FILL_AREA_STYLE_COLOUR('',#42);
#2889=FILL_AREA_STYLE('',(#2888));
#2890=SURFACE_STYLE_FILL_AREA(#2889);
#2891=SURFACE_SIDE_STYLE('',(#2890));
#2892=SURFACE_STYLE_USAGE(.BOTH.,#2891);
#2893=PRESENTATION_STYLE_ASSIGNMENT((#2892));
#2894=STYLED_ITEM('',(#2893),#2887);
#2895=CARTESIAN_POINT('',(0.E0,0.E0,0.E0));
#2896=DIRECTION('',(0.E0,0.E0,1.E0));
#2897=DIRECTION('',(1.E0,0.E0,0.E0));
#2898=AXIS2_PLACEMENT_3D('',#2895,#2896,#2897);
#2899=CYLINDRICAL_SURFACE('',#2898,1.E2);
#2900=ORIENTED_EDGE('',*,*,#2809,.F.);
#2902=ORIENTED_EDGE('',*,*,#2901,.T.);
#2904=ORIENTED_EDGE('',*,*,#2903,.T.);
#2906=ORIENTED_EDGE('',*,*,#2905,.F.);
#2907=EDGE_LOOP('',(#2900,#2902,#2904,#2906));
#2908=FACE_OUTER_BOUND('',#2907,.F.);
#2910=FILL_AREA_STYLE_COLOUR('',#42);
#2911=FILL_AREA_STYLE('',(#2910));
#2912=SURFACE_STYLE_FILL_AREA(#2911);
#2913=SURFACE_SIDE_STYLE('',(#2912));
#2914=SURFACE_STYLE_USAGE(.BOTH.,#2913);
#2915=PRESENTATION_STYLE_ASSIGNMENT((#2914));
#2916=STYLED_ITEM('',(#2915),#2909);
#2917=CARTESIAN_POINT('',(0.E0,0.E0,0.E0));
#2918=DIRECTION('',(0.E0,0.E0,1.E0));
#2919=DIRECTION('',(1.E0,0.E0,0.E0));
#2920=AXIS2_PLACEMENT_3D('',#2917,#2918,#2919);
#2921=CYLINDRICAL_SURFACE('',#2920,1.E2);
#2922=ORIENTED_EDGE('',*,*,#2811,.F.);
#2923=ORIENTED_EDGE('',*,*,#2905,.T.);
#2925=ORIENTED_EDGE('',*,*,#2924,.T.);
#2926=ORIENTED_EDGE('',*,*,#2901,.F.);
#2927=EDGE_LOOP('',(#2922,#2923,#2925,#2926));
#2928=FACE_OUTER_BOUND('',#2927,.F.);
#2930=FILL_AREA_STYLE_COLOUR('',#42);
#2931=FILL_AREA_STYLE('',(#2930));
#2932=SURFACE_STYLE_FILL_AREA(#2931);
#2933=SURFACE_SIDE_STYLE('',(#2932));
#2934=SURFACE_STYLE_USAGE(.BOTH.,#2933);
#2935=PRESENTATION_STYLE_ASSIGNMENT((#2934));
#2936=STYLED_ITEM('',(#2935),#2929);
#2937=CARTESIAN_POINT('',(0.E0,0.E0,1.E0));
#2938=DIRECTION('',(0.E0,0.E0,1.E0));
#2939=DIRECTION('',(1.E0,0.E0,0.E0));
#2940=AXIS2_PLACEMENT_3D('',#2937,#2938,#2939);
#2941=PLANE('',#2940);
#2943=ORIENTED_EDGE('',*,*,#2942,.F.);
#2945=ORIENTED_EDGE('',*,*,#2944,.F.);
#2946=EDGE_LOOP('',(#2943,#2945));
#2947=FACE_OUTER_BOUND('',#2946,.F.);
#2948=ORIENTED_EDGE('',*,*,#2903,.F.);
#2949=ORIENTED_EDGE('',*,*,#2924,.F.);
#2950=EDGE_LOOP('',(#2948,#2949));
#2951=FACE_BOUND('',#2950,.F.);
#2953=ORIENTED_EDGE('',*,*,#2952,.T.);
#2955=ORIENTED_EDGE('',*,*,#2954,.T.);
#2956=EDGE_LOOP('',(#2953,#2955));
#2957=FACE_BOUND('',#2956,.F.);
#2959=ORIENTED_EDGE('',*,*,#2958,.T.);
#2961=ORIENTED_EDGE('',*,*,#2960,.T.);
#2962=EDGE_LOOP('',(#2959,#2961));
#2963=FACE_BOUND('',#2962,.F.);
#2965=ORIENTED_EDGE('',*,*,#2964,.T.);
#2967=ORIENTED_EDGE('',*,*,#2966,.T.);
#2968=EDGE_LOOP('',(#2965,#2967));
#2969=FACE_BOUND('',#2968,.F.);
#2971=ORIENTED_EDGE('',*,*,#2970,.T.);
#2973=ORIENTED_EDGE('',*,*,#2972,.T.);
#2974=EDGE_LOOP('',(#2971,#2973));
#2975=FACE_BOUND('',#2974,.F.);
#2977=ORIENTED_EDGE('',*,*,#2976,.T.);
#2979=ORIENTED_EDGE('',*,*,#2978,.T.);
#2980=EDGE_LOOP('',(#2977,#2979));
#2981=FACE_BOUND('',#2980,.F.);
#2983=ORIENTED_EDGE('',*,*,#2982,.T.);
#2985=ORIENTED_EDGE('',*,*,#2984,.T.);
#2986=EDGE_LOOP('',(#2983,#2985));
#2987=FACE_BOUND('',#2986,.F.);
#2989=ORIENTED_EDGE('',*,*,#2988,.T.);
#2991=ORIENTED_EDGE('',*,*,#2990,.T.);
#2992=EDGE_LOOP('',(#2989,#2991));
#2993=FACE_BOUND('',#2992,.F.);
#2995=ORIENTED_EDGE('',*,*,#2994,.T.);
#2997=ORIENTED_EDGE('',*,*,#2996,.T.);
#2998=EDGE_LOOP('',(#2995,#2997));
#2999=FACE_BOUND('',#2998,.F.);
#3001=ORIENTED_EDGE('',*,*,#3000,.T.);
#3003=ORIENTED_EDGE('',*,*,#3002,.T.);
#3004=EDGE_LOOP('',(#3001,#3003));
#3005=FACE_BOUND('',#3004,.F.);
#3007=ORIENTED_EDGE('',*,*,#3006,.T.);
#3009=ORIENTED_EDGE('',*,*,#3008,.T.);
#3010=EDGE_LOOP('',(#3007,#3009));
#3011=FACE_BOUND('',#3010,.F.);
#3013=ORIENTED_EDGE('',*,*,#3012,.T.);
#3015=ORIENTED_EDGE('',*,*,#3014,.T.);
#3016=EDGE_LOOP('',(#3013,#3015));
#3017=FACE_BOUND('',#3016,.F.);
#3019=ORIENTED_EDGE('',*,*,#3018,.T.);
#3021=ORIENTED_EDGE('',*,*,#3020,.T.);
#3022=EDGE_LOOP('',(#3019,#3021));
#3023=FACE_BOUND('',#3022,.F.);
#3025=FILL_AREA_STYLE_COLOUR('',#42);
#3026=FILL_AREA_STYLE('',(#3025));
#3027=SURFACE_STYLE_FILL_AREA(#3026);
#3028=SURFACE_SIDE_STYLE('',(#3027));
#3029=SURFACE_STYLE_USAGE(.BOTH.,#3028);
#3030=PRESENTATION_STYLE_ASSIGNMENT((#3029));
#3031=STYLED_ITEM('',(#3030),#3024);
#3032=CARTESIAN_POINT('',(0.E0,0.E0,0.E0));
#3033=DIRECTION('',(0.E0,0.E0,1.E0));
#3034=DIRECTION('',(1.E0,0.E0,0.E0));
#3035=AXIS2_PLACEMENT_3D('',#3032,#3033,#3034);
#3036=CYLINDRICAL_SURFACE('',#3035,1.29E2);
#3037=ORIENTED_EDGE('',*,*,#2803,.F.);
#3039=ORIENTED_EDGE('',*,*,#3038,.T.);
#3040=ORIENTED_EDGE('',*,*,#2942,.T.);
#3042=ORIENTED_EDGE('',*,*,#3041,.F.);
#3043=EDGE_LOOP('',(#3037,#3039,#3040,#3042));
#3044=FACE_OUTER_BOUND('',#3043,.F.);
#3046=FILL_AREA_STYLE_COLOUR('',#42);
#3047=FILL_AREA_STYLE('',(#3046));
#3048=SURFACE_STYLE_FILL_AREA(#3047);
#3049=SURFACE_SIDE_STYLE('',(#3048));
#3050=SURFACE_STYLE_USAGE(.BOTH.,#3049);
#3051=PRESENTATION_STYLE_ASSIGNMENT((#3050));
#3052=STYLED_ITEM('',(#3051),#3045);
#3053=CARTESIAN_POINT('',(0.E0,0.E0,0.E0));
#3054=DIRECTION('',(0.E0,0.E0,1.E0));
#3055=DIRECTION('',(1.E0,0.E0,0.E0));
#3056=AXIS2_PLACEMENT_3D('',#3053,#3054,#3055);
#3057=CYLINDRICAL_SURFACE('',#3056,1.29E2);
#3058=ORIENTED_EDGE('',*,*,#2805,.F.);
#3059=ORIENTED_EDGE('',*,*,#3041,.T.);
#3060=ORIENTED_EDGE('',*,*,#2944,.T.);
#3061=ORIENTED_EDGE('',*,*,#3038,.F.);
#3062=EDGE_LOOP('',(#3058,#3059,#3060,#3061));
#3063=FACE_OUTER_BOUND('',#3062,.F.);
#3065=FILL_AREA_STYLE_COLOUR('',#42);
#3066=FILL_AREA_STYLE('',(#3065));
#3067=SURFACE_STYLE_FILL_AREA(#3066);
#3068=SURFACE_SIDE_STYLE('',(#3067));
#3069=SURFACE_STYLE_USAGE(.BOTH.,#3068);
#3070=PRESENTATION_STYLE_ASSIGNMENT((#3069));
#3071=STYLED_ITEM('',(#3070),#3064);
#3072=CARTESIAN_POINT('',(0.E0,1.175E2,-3.25E0));
#3073=DIRECTION('',(0.E0,0.E0,1.E0));
#3074=DIRECTION('',(1.E0,0.E0,0.E0));
#3075=AXIS2_PLACEMENT_3D('',#3072,#3073,#3074);
#3076=CYLINDRICAL_SURFACE('',#3075,4.25E0);
#3077=ORIENTED_EDGE('',*,*,#2815,.T.);
#3079=ORIENTED_EDGE('',*,*,#3078,.T.);
#3080=ORIENTED_EDGE('',*,*,#2952,.F.);
#3082=ORIENTED_EDGE('',*,*,#3081,.F.);
#3083=EDGE_LOOP('',(#3077,#3079,#3080,#3082));
#3084=FACE_OUTER_BOUND('',#3083,.F.);
#3086=FILL_AREA_STYLE_COLOUR('',#42);
#3087=FILL_AREA_STYLE('',(#3086));
#3088=SURFACE_STYLE_FILL_AREA(#3087);
#3089=SURFACE_SIDE_STYLE('',(#3088));
#3090=SURFACE_STYLE_USAGE(.BOTH.,#3089);
#3091=PRESENTATION_STYLE_ASSIGNMENT((#3090));
#3092=STYLED_ITEM('',(#3091),#3085);
#3093=CARTESIAN_POINT('',(0.E0,1.175E2,-3.25E0));
#3094=DIRECTION('',(0.E0,0.E0,1.E0));
#3095=DIRECTION('',(1.E0,0.E0,0.E0));
#3096=AXIS2_PLACEMENT_3D('',#3093,#3094,#3095);
#3097=CYLINDRICAL_SURFACE('',#3096,4.25E0);
#3098=ORIENTED_EDGE('',*,*,#2817,.T.);
#3099=ORIENTED_EDGE('',*,*,#3081,.T.);
#3100=ORIENTED_EDGE('',*,*,#2954,.F.);
#3101=ORIENTED_EDGE('',*,*,#3078,.F.);
#3102=EDGE_LOOP('',(#3098,#3099,#3100,#3101));
#3103=FACE_OUTER_BOUND('',#3102,.F.);
#3105=FILL_AREA_STYLE_COLOUR('',#42);
#3106=FILL_AREA_STYLE('',(#3105));
#3107=SURFACE_STYLE_FILL_AREA(#3106);
#3108=SURFACE_SIDE_STYLE('',(#3107));
#3109=SURFACE_STYLE_USAGE(.BOTH.,#3108);
#3110=PRESENTATION_STYLE_ASSIGNMENT((#3109));
#3111=STYLED_ITEM('',(#3110),#3104);
#3112=CARTESIAN_POINT('',(-5.875E1,1.017579849447E2,-3.25E0));
#3113=DIRECTION('',(0.E0,0.E0,1.E0));
#3114=DIRECTION('',(8.660254037844E-1,5.E-1,0.E0));
#3115=AXIS2_PLACEMENT_3D('',#3112,#3113,#3114);
#3116=CYLINDRICAL_SURFACE('',#3115,4.25E0);
#3117=ORIENTED_EDGE('',*,*,#2821,.T.);
#3119=ORIENTED_EDGE('',*,*,#3118,.T.);
#3120=ORIENTED_EDGE('',*,*,#2958,.F.);
#3122=ORIENTED_EDGE('',*,*,#3121,.F.);
#3123=EDGE_LOOP('',(#3117,#3119,#3120,#3122));
#3124=FACE_OUTER_BOUND('',#3123,.F.);
#3126=FILL_AREA_STYLE_COLOUR('',#42);
#3127=FILL_AREA_STYLE('',(#3126));
#3128=SURFACE_STYLE_FILL_AREA(#3127);
#3129=SURFACE_SIDE_STYLE('',(#3128));
#3130=SURFACE_STYLE_USAGE(.BOTH.,#3129);
#3131=PRESENTATION_STYLE_ASSIGNMENT((#3130));
#3132=STYLED_ITEM('',(#3131),#3125);
#3133=CARTESIAN_POINT('',(-5.875E1,1.017579849447E2,-3.25E0));
#3134=DIRECTION('',(0.E0,0.E0,1.E0));
#3135=DIRECTION('',(8.660254037844E-1,5.E-1,0.E0));
#3136=AXIS2_PLACEMENT_3D('',#3133,#3134,#3135);
#3137=CYLINDRICAL_SURFACE('',#3136,4.25E0);
#3138=ORIENTED_EDGE('',*,*,#2823,.T.);
#3139=ORIENTED_EDGE('',*,*,#3121,.T.);
#3140=ORIENTED_EDGE('',*,*,#2960,.F.);
#3141=ORIENTED_EDGE('',*,*,#3118,.F.);
#3142=EDGE_LOOP('',(#3138,#3139,#3140,#3141));
#3143=FACE_OUTER_BOUND('',#3142,.F.);
#3145=FILL_AREA_STYLE_COLOUR('',#42);
#3146=FILL_AREA_STYLE('',(#3145));
#3147=SURFACE_STYLE_FILL_AREA(#3146);
#3148=SURFACE_SIDE_STYLE('',(#3147));
#3149=SURFACE_STYLE_USAGE(.BOTH.,#3148);
#3150=PRESENTATION_STYLE_ASSIGNMENT((#3149));
#3151=STYLED_ITEM('',(#3150),#3144);
#3152=CARTESIAN_POINT('',(-1.017579849447E2,5.875E1,-3.25E0));
#3153=DIRECTION('',(0.E0,0.E0,1.E0));
#3154=DIRECTION('',(5.E-1,8.660254037844E-1,0.E0));
#3155=AXIS2_PLACEMENT_3D('',#3152,#3153,#3154);
#3156=CYLINDRICAL_SURFACE('',#3155,4.25E0);
#3157=ORIENTED_EDGE('',*,*,#2827,.T.);
#3159=ORIENTED_EDGE('',*,*,#3158,.T.);
#3160=ORIENTED_EDGE('',*,*,#2964,.F.);
#3162=ORIENTED_EDGE('',*,*,#3161,.F.);
#3163=EDGE_LOOP('',(#3157,#3159,#3160,#3162));
#3164=FACE_OUTER_BOUND('',#3163,.F.);
#3166=FILL_AREA_STYLE_COLOUR('',#42);
#3167=FILL_AREA_STYLE('',(#3166));
#3168=SURFACE_STYLE_FILL_AREA(#3167);
#3169=SURFACE_SIDE_STYLE('',(#3168));
#3170=SURFACE_STYLE_USAGE(.BOTH.,#3169);
#3171=PRESENTATION_STYLE_ASSIGNMENT((#3170));
#3172=STYLED_ITEM('',(#3171),#3165);
#3173=CARTESIAN_POINT('',(-1.017579849447E2,5.875E1,-3.25E0));
#3174=DIRECTION('',(0.E0,0.E0,1.E0));
#3175=DIRECTION('',(5.E-1,8.660254037844E-1,0.E0));
#3176=AXIS2_PLACEMENT_3D('',#3173,#3174,#3175);
#3177=CYLINDRICAL_SURFACE('',#3176,4.25E0);
#3178=ORIENTED_EDGE('',*,*,#2829,.T.);
#3179=ORIENTED_EDGE('',*,*,#3161,.T.);
#3180=ORIENTED_EDGE('',*,*,#2966,.F.);
#3181=ORIENTED_EDGE('',*,*,#3158,.F.);
#3182=EDGE_LOOP('',(#3178,#3179,#3180,#3181));
#3183=FACE_OUTER_BOUND('',#3182,.F.);
#3185=FILL_AREA_STYLE_COLOUR('',#42);
#3186=FILL_AREA_STYLE('',(#3185));
#3187=SURFACE_STYLE_FILL_AREA(#3186);
#3188=SURFACE_SIDE_STYLE('',(#3187));
#3189=SURFACE_STYLE_USAGE(.BOTH.,#3188);
#3190=PRESENTATION_STYLE_ASSIGNMENT((#3189));
#3191=STYLED_ITEM('',(#3190),#3184);
#3192=CARTESIAN_POINT('',(-1.175E2,0.E0,-3.25E0));
#3193=DIRECTION('',(0.E0,0.E0,1.E0));
#3194=DIRECTION('',(0.E0,1.E0,0.E0));
#3195=AXIS2_PLACEMENT_3D('',#3192,#3193,#3194);
#3196=CYLINDRICAL_SURFACE('',#3195,4.25E0);
#3197=ORIENTED_EDGE('',*,*,#2833,.T.);
#3199=ORIENTED_EDGE('',*,*,#3198,.T.);
#3200=ORIENTED_EDGE('',*,*,#2970,.F.);
#3202=ORIENTED_EDGE('',*,*,#3201,.F.);
#3203=EDGE_LOOP('',(#3197,#3199,#3200,#3202));
#3204=FACE_OUTER_BOUND('',#3203,.F.);
#3206=FILL_AREA_STYLE_COLOUR('',#42);
#3207=FILL_AREA_STYLE('',(#3206));
#3208=SURFACE_STYLE_FILL_AREA(#3207);
#3209=SURFACE_SIDE_STYLE('',(#3208));
#3210=SURFACE_STYLE_USAGE(.BOTH.,#3209);
#3211=PRESENTATION_STYLE_ASSIGNMENT((#3210));
#3212=STYLED_ITEM('',(#3211),#3205);
#3213=CARTESIAN_POINT('',(-1.175E2,0.E0,-3.25E0));
#3214=DIRECTION('',(0.E0,0.E0,1.E0));
#3215=DIRECTION('',(0.E0,1.E0,0.E0));
#3216=AXIS2_PLACEMENT_3D('',#3213,#3214,#3215);
#3217=CYLINDRICAL_SURFACE('',#3216,4.25E0);
#3218=ORIENTED_EDGE('',*,*,#2835,.T.);
#3219=ORIENTED_EDGE('',*,*,#3201,.T.);
#3220=ORIENTED_EDGE('',*,*,#2972,.F.);
#3221=ORIENTED_EDGE('',*,*,#3198,.F.);
#3222=EDGE_LOOP('',(#3218,#3219,#3220,#3221));
#3223=FACE_OUTER_BOUND('',#3222,.F.);
#3225=FILL_AREA_STYLE_COLOUR('',#42);
#3226=FILL_AREA_STYLE('',(#3225));
#3227=SURFACE_STYLE_FILL_AREA(#3226);
#3228=SURFACE_SIDE_STYLE('',(#3227));
#3229=SURFACE_STYLE_USAGE(.BOTH.,#3228);
#3230=PRESENTATION_STYLE_ASSIGNMENT((#3229));
#3231=STYLED_ITEM('',(#3230),#3224);
#3232=CARTESIAN_POINT('',(-1.017579849447E2,-5.875E1,-3.25E0));
#3233=DIRECTION('',(0.E0,0.E0,1.E0));
#3234=DIRECTION('',(-5.E-1,8.660254037844E-1,0.E0));
#3235=AXIS2_PLACEMENT_3D('',#3232,#3233,#3234);
#3236=CYLINDRICAL_SURFACE('',#3235,4.25E0);
#3237=ORIENTED_EDGE('',*,*,#2839,.T.);
#3239=ORIENTED_EDGE('',*,*,#3238,.T.);
#3240=ORIENTED_EDGE('',*,*,#2976,.F.);
#3242=ORIENTED_EDGE('',*,*,#3241,.F.);
#3243=EDGE_LOOP('',(#3237,#3239,#3240,#3242));
#3244=FACE_OUTER_BOUND('',#3243,.F.);
#3246=FILL_AREA_STYLE_COLOUR('',#42);
#3247=FILL_AREA_STYLE('',(#3246));
#3248=SURFACE_STYLE_FILL_AREA(#3247);
#3249=SURFACE_SIDE_STYLE('',(#3248));
#3250=SURFACE_STYLE_USAGE(.BOTH.,#3249);
#3251=PRESENTATION_STYLE_ASSIGNMENT((#3250));
#3252=STYLED_ITEM('',(#3251),#3245);
#3253=CARTESIAN_POINT('',(-1.017579849447E2,-5.875E1,-3.25E0));
#3254=DIRECTION('',(0.E0,0.E0,1.E0));
#3255=DIRECTION('',(-5.E-1,8.660254037844E-1,0.E0));
#3256=AXIS2_PLACEMENT_3D('',#3253,#3254,#3255);
#3257=CYLINDRICAL_SURFACE('',#3256,4.25E0);
#3258=ORIENTED_EDGE('',*,*,#2841,.T.);
#3259=ORIENTED_EDGE('',*,*,#3241,.T.);
#3260=ORIENTED_EDGE('',*,*,#2978,.F.);
#3261=ORIENTED_EDGE('',*,*,#3238,.F.);
#3262=EDGE_LOOP('',(#3258,#3259,#3260,#3261));
#3263=FACE_OUTER_BOUND('',#3262,.F.);
#3265=FILL_AREA_STYLE_COLOUR('',#42);
#3266=FILL_AREA_STYLE('',(#3265));
#3267=SURFACE_STYLE_FILL_AREA(#3266);
#3268=SURFACE_SIDE_STYLE('',(#3267));
#3269=SURFACE_STYLE_USAGE(.BOTH.,#3268);
#3270=PRESENTATION_STYLE_ASSIGNMENT((#3269));
#3271=STYLED_ITEM('',(#3270),#3264);
#3272=CARTESIAN_POINT('',(-5.875E1,-1.017579849447E2,-3.25E0));
#3273=DIRECTION('',(0.E0,0.E0,1.E0));
#3274=DIRECTION('',(-8.660254037844E-1,5.E-1,0.E0));
#3275=AXIS2_PLACEMENT_3D('',#3272,#3273,#3274);
#3276=CYLINDRICAL_SURFACE('',#3275,4.25E0);
#3277=ORIENTED_EDGE('',*,*,#2845,.T.);
#3279=ORIENTED_EDGE('',*,*,#3278,.T.);
#3280=ORIENTED_EDGE('',*,*,#2982,.F.);
#3282=ORIENTED_EDGE('',*,*,#3281,.F.);
#3283=EDGE_LOOP('',(#3277,#3279,#3280,#3282));
#3284=FACE_OUTER_BOUND('',#3283,.F.);
#3286=FILL_AREA_STYLE_COLOUR('',#42);
#3287=FILL_AREA_STYLE('',(#3286));
#3288=SURFACE_STYLE_FILL_AREA(#3287);
#3289=SURFACE_SIDE_STYLE('',(#3288));
#3290=SURFACE_STYLE_USAGE(.BOTH.,#3289);
#3291=PRESENTATION_STYLE_ASSIGNMENT((#3290));
#3292=STYLED_ITEM('',(#3291),#3285);
#3293=CARTESIAN_POINT('',(-5.875E1,-1.017579849447E2,-3.25E0));
#3294=DIRECTION('',(0.E0,0.E0,1.E0));
#3295=DIRECTION('',(-8.660254037844E-1,5.E-1,0.E0));
#3296=AXIS2_PLACEMENT_3D('',#3293,#3294,#3295);
#3297=CYLINDRICAL_SURFACE('',#3296,4.25E0);
#3298=ORIENTED_EDGE('',*,*,#2847,.T.);
#3299=ORIENTED_EDGE('',*,*,#3281,.T.);
#3300=ORIENTED_EDGE('',*,*,#2984,.F.);
#3301=ORIENTED_EDGE('',*,*,#3278,.F.);
#3302=EDGE_LOOP('',(#3298,#3299,#3300,#3301));
#3303=FACE_OUTER_BOUND('',#3302,.F.);
#3305=FILL_AREA_STYLE_COLOUR('',#42);
#3306=FILL_AREA_STYLE('',(#3305));
#3307=SURFACE_STYLE_FILL_AREA(#3306);
#3308=SURFACE_SIDE_STYLE('',(#3307));
#3309=SURFACE_STYLE_USAGE(.BOTH.,#3308);
#3310=PRESENTATION_STYLE_ASSIGNMENT((#3309));
#3311=STYLED_ITEM('',(#3310),#3304);
#3312=CARTESIAN_POINT('',(-1.438959988998E-14,-1.175E2,-3.25E0));
#3313=DIRECTION('',(0.E0,0.E0,1.E0));
#3314=DIRECTION('',(-1.E0,0.E0,0.E0));
#3315=AXIS2_PLACEMENT_3D('',#3312,#3313,#3314);
#3316=CYLINDRICAL_SURFACE('',#3315,4.25E0);
#3317=ORIENTED_EDGE('',*,*,#2851,.T.);
#3319=ORIENTED_EDGE('',*,*,#3318,.T.);
#3320=ORIENTED_EDGE('',*,*,#2988,.F.);
#3322=ORIENTED_EDGE('',*,*,#3321,.F.);
#3323=EDGE_LOOP('',(#3317,#3319,#3320,#3322));
#3324=FACE_OUTER_BOUND('',#3323,.F.);
#3326=FILL_AREA_STYLE_COLOUR('',#42);
#3327=FILL_AREA_STYLE('',(#3326));
#3328=SURFACE_STYLE_FILL_AREA(#3327);
#3329=SURFACE_SIDE_STYLE('',(#3328));
#3330=SURFACE_STYLE_USAGE(.BOTH.,#3329);
#3331=PRESENTATION_STYLE_ASSIGNMENT((#3330));
#3332=STYLED_ITEM('',(#3331),#3325);
#3333=CARTESIAN_POINT('',(-1.438959988998E-14,-1.175E2,-3.25E0));
#3334=DIRECTION('',(0.E0,0.E0,1.E0));
#3335=DIRECTION('',(-1.E0,0.E0,0.E0));
#3336=AXIS2_PLACEMENT_3D('',#3333,#3334,#3335);
#3337=CYLINDRICAL_SURFACE('',#3336,4.25E0);
#3338=ORIENTED_EDGE('',*,*,#2853,.T.);
#3339=ORIENTED_EDGE('',*,*,#3321,.T.);
#3340=ORIENTED_EDGE('',*,*,#2990,.F.);
#3341=ORIENTED_EDGE('',*,*,#3318,.F.);
#3342=EDGE_LOOP('',(#3338,#3339,#3340,#3341));
#3343=FACE_OUTER_BOUND('',#3342,.F.);
#3345=FILL_AREA_STYLE_COLOUR('',#42);
#3346=FILL_AREA_STYLE('',(#3345));
#3347=SURFACE_STYLE_FILL_AREA(#3346);
#3348=SURFACE_SIDE_STYLE('',(#3347));
#3349=SURFACE_STYLE_USAGE(.BOTH.,#3348);
#3350=PRESENTATION_STYLE_ASSIGNMENT((#3349));
#3351=STYLED_ITEM('',(#3350),#3344);
#3352=CARTESIAN_POINT('',(5.875E1,-1.017579849447E2,-3.25E0));
#3353=DIRECTION('',(0.E0,0.E0,1.E0));
#3354=DIRECTION('',(-8.660254037844E-1,-5.E-1,0.E0));
#3355=AXIS2_PLACEMENT_3D('',#3352,#3353,#3354);
#3356=CYLINDRICAL_SURFACE('',#3355,4.25E0);
#3357=ORIENTED_EDGE('',*,*,#2857,.T.);
#3359=ORIENTED_EDGE('',*,*,#3358,.T.);
#3360=ORIENTED_EDGE('',*,*,#2994,.F.);
#3362=ORIENTED_EDGE('',*,*,#3361,.F.);
#3363=EDGE_LOOP('',(#3357,#3359,#3360,#3362));
#3364=FACE_OUTER_BOUND('',#3363,.F.);
#3366=FILL_AREA_STYLE_COLOUR('',#42);
#3367=FILL_AREA_STYLE('',(#3366));
#3368=SURFACE_STYLE_FILL_AREA(#3367);
#3369=SURFACE_SIDE_STYLE('',(#3368));
#3370=SURFACE_STYLE_USAGE(.BOTH.,#3369);
#3371=PRESENTATION_STYLE_ASSIGNMENT((#3370));
#3372=STYLED_ITEM('',(#3371),#3365);
#3373=CARTESIAN_POINT('',(5.875E1,-1.017579849447E2,-3.25E0));
#3374=DIRECTION('',(0.E0,0.E0,1.E0));
#3375=DIRECTION('',(-8.660254037844E-1,-5.E-1,0.E0));
#3376=AXIS2_PLACEMENT_3D('',#3373,#3374,#3375);
#3377=CYLINDRICAL_SURFACE('',#3376,4.25E0);
#3378=ORIENTED_EDGE('',*,*,#2859,.T.);
#3379=ORIENTED_EDGE('',*,*,#3361,.T.);
#3380=ORIENTED_EDGE('',*,*,#2996,.F.);
#3381=ORIENTED_EDGE('',*,*,#3358,.F.);
#3382=EDGE_LOOP('',(#3378,#3379,#3380,#3381));
#3383=FACE_OUTER_BOUND('',#3382,.F.);
#3385=FILL_AREA_STYLE_COLOUR('',#42);
#3386=FILL_AREA_STYLE('',(#3385));
#3387=SURFACE_STYLE_FILL_AREA(#3386);
#3388=SURFACE_SIDE_STYLE('',(#3387));
#3389=SURFACE_STYLE_USAGE(.BOTH.,#3388);
#3390=PRESENTATION_STYLE_ASSIGNMENT((#3389));
#3391=STYLED_ITEM('',(#3390),#3384);
#3392=CARTESIAN_POINT('',(1.017579849447E2,-5.875E1,-3.25E0));
#3393=DIRECTION('',(0.E0,0.E0,1.E0));
#3394=DIRECTION('',(-5.E-1,-8.660254037844E-1,0.E0));
#3395=AXIS2_PLACEMENT_3D('',#3392,#3393,#3394);
#3396=CYLINDRICAL_SURFACE('',#3395,4.25E0);
#3397=ORIENTED_EDGE('',*,*,#2863,.T.);
#3399=ORIENTED_EDGE('',*,*,#3398,.T.);
#3400=ORIENTED_EDGE('',*,*,#3000,.F.);
#3402=ORIENTED_EDGE('',*,*,#3401,.F.);
#3403=EDGE_LOOP('',(#3397,#3399,#3400,#3402));
#3404=FACE_OUTER_BOUND('',#3403,.F.);
#3406=FILL_AREA_STYLE_COLOUR('',#42);
#3407=FILL_AREA_STYLE('',(#3406));
#3408=SURFACE_STYLE_FILL_AREA(#3407);
#3409=SURFACE_SIDE_STYLE('',(#3408));
#3410=SURFACE_STYLE_USAGE(.BOTH.,#3409);
#3411=PRESENTATION_STYLE_ASSIGNMENT((#3410));
#3412=STYLED_ITEM('',(#3411),#3405);
#3413=CARTESIAN_POINT('',(1.017579849447E2,-5.875E1,-3.25E0));
#3414=DIRECTION('',(0.E0,0.E0,1.E0));
#3415=DIRECTION('',(-5.E-1,-8.660254037844E-1,0.E0));
#3416=AXIS2_PLACEMENT_3D('',#3413,#3414,#3415);
#3417=CYLINDRICAL_SURFACE('',#3416,4.25E0);
#3418=ORIENTED_EDGE('',*,*,#2865,.T.);
#3419=ORIENTED_EDGE('',*,*,#3401,.T.);
#3420=ORIENTED_EDGE('',*,*,#3002,.F.);
#3421=ORIENTED_EDGE('',*,*,#3398,.F.);
#3422=EDGE_LOOP('',(#3418,#3419,#3420,#3421));
#3423=FACE_OUTER_BOUND('',#3422,.F.);
#3425=FILL_AREA_STYLE_COLOUR('',#42);
#3426=FILL_AREA_STYLE('',(#3425));
#3427=SURFACE_STYLE_FILL_AREA(#3426);
#3428=SURFACE_SIDE_STYLE('',(#3427));
#3429=SURFACE_STYLE_USAGE(.BOTH.,#3428);
#3430=PRESENTATION_STYLE_ASSIGNMENT((#3429));
#3431=STYLED_ITEM('',(#3430),#3424);
#3432=CARTESIAN_POINT('',(1.175E2,-2.158439371174E-14,-3.25E0));
#3433=DIRECTION('',(0.E0,0.E0,1.E0));
#3434=DIRECTION('',(0.E0,-1.E0,0.E0));
#3435=AXIS2_PLACEMENT_3D('',#3432,#3433,#3434);
#3436=CYLINDRICAL_SURFACE('',#3435,4.25E0);
#3437=ORIENTED_EDGE('',*,*,#2869,.T.);
#3439=ORIENTED_EDGE('',*,*,#3438,.T.);
#3440=ORIENTED_EDGE('',*,*,#3006,.F.);
#3442=ORIENTED_EDGE('',*,*,#3441,.F.);
#3443=EDGE_LOOP('',(#3437,#3439,#3440,#3442));
#3444=FACE_OUTER_BOUND('',#3443,.F.);
#3446=FILL_AREA_STYLE_COLOUR('',#42);
#3447=FILL_AREA_STYLE('',(#3446));
#3448=SURFACE_STYLE_FILL_AREA(#3447);
#3449=SURFACE_SIDE_STYLE('',(#3448));
#3450=SURFACE_STYLE_USAGE(.BOTH.,#3449);
#3451=PRESENTATION_STYLE_ASSIGNMENT((#3450));
#3452=STYLED_ITEM('',(#3451),#3445);
#3453=CARTESIAN_POINT('',(1.175E2,-2.158439371174E-14,-3.25E0));
#3454=DIRECTION('',(0.E0,0.E0,1.E0));
#3455=DIRECTION('',(0.E0,-1.E0,0.E0));
#3456=AXIS2_PLACEMENT_3D('',#3453,#3454,#3455);
#3457=CYLINDRICAL_SURFACE('',#3456,4.25E0);
#3458=ORIENTED_EDGE('',*,*,#2871,.T.);
#3459=ORIENTED_EDGE('',*,*,#3441,.T.);
#3460=ORIENTED_EDGE('',*,*,#3008,.F.);
#3461=ORIENTED_EDGE('',*,*,#3438,.F.);
#3462=EDGE_LOOP('',(#3458,#3459,#3460,#3461));
#3463=FACE_OUTER_BOUND('',#3462,.F.);
#3465=FILL_AREA_STYLE_COLOUR('',#42);
#3466=FILL_AREA_STYLE('',(#3465));
#3467=SURFACE_STYLE_FILL_AREA(#3466);
#3468=SURFACE_SIDE_STYLE('',(#3467));
#3469=SURFACE_STYLE_USAGE(.BOTH.,#3468);
#3470=PRESENTATION_STYLE_ASSIGNMENT((#3469));
#3471=STYLED_ITEM('',(#3470),#3464);
#3472=CARTESIAN_POINT('',(1.017579849447E2,5.875E1,-3.25E0));
#3473=DIRECTION('',(0.E0,0.E0,1.E0));
#3474=DIRECTION('',(5.E-1,-8.660254037844E-1,0.E0));
#3475=AXIS2_PLACEMENT_3D('',#3472,#3473,#3474);
#3476=CYLINDRICAL_SURFACE('',#3475,4.25E0);
#3477=ORIENTED_EDGE('',*,*,#2875,.T.);
#3479=ORIENTED_EDGE('',*,*,#3478,.T.);
#3480=ORIENTED_EDGE('',*,*,#3012,.F.);
#3482=ORIENTED_EDGE('',*,*,#3481,.F.);
#3483=EDGE_LOOP('',(#3477,#3479,#3480,#3482));
#3484=FACE_OUTER_BOUND('',#3483,.F.);
#3486=FILL_AREA_STYLE_COLOUR('',#42);
#3487=FILL_AREA_STYLE('',(#3486));
#3488=SURFACE_STYLE_FILL_AREA(#3487);
#3489=SURFACE_SIDE_STYLE('',(#3488));
#3490=SURFACE_STYLE_USAGE(.BOTH.,#3489);
#3491=PRESENTATION_STYLE_ASSIGNMENT((#3490));
#3492=STYLED_ITEM('',(#3491),#3485);
#3493=CARTESIAN_POINT('',(1.017579849447E2,5.875E1,-3.25E0));
#3494=DIRECTION('',(0.E0,0.E0,1.E0));
#3495=DIRECTION('',(5.E-1,-8.660254037844E-1,0.E0));
#3496=AXIS2_PLACEMENT_3D('',#3493,#3494,#3495);
#3497=CYLINDRICAL_SURFACE('',#3496,4.25E0);
#3498=ORIENTED_EDGE('',*,*,#2877,.T.);
#3499=ORIENTED_EDGE('',*,*,#3481,.T.);
#3500=ORIENTED_EDGE('',*,*,#3014,.F.);
#3501=ORIENTED_EDGE('',*,*,#3478,.F.);
#3502=EDGE_LOOP('',(#3498,#3499,#3500,#3501));
#3503=FACE_OUTER_BOUND('',#3502,.F.);
#3505=FILL_AREA_STYLE_COLOUR('',#42);
#3506=FILL_AREA_STYLE('',(#3505));
#3507=SURFACE_STYLE_FILL_AREA(#3506);
#3508=SURFACE_SIDE_STYLE('',(#3507));
#3509=SURFACE_STYLE_USAGE(.BOTH.,#3508);
#3510=PRESENTATION_STYLE_ASSIGNMENT((#3509));
#3511=STYLED_ITEM('',(#3510),#3504);
#3512=CARTESIAN_POINT('',(5.875E1,1.017579849447E2,-3.25E0));
#3513=DIRECTION('',(0.E0,0.E0,1.E0));
#3514=DIRECTION('',(8.660254037844E-1,-5.E-1,0.E0));
#3515=AXIS2_PLACEMENT_3D('',#3512,#3513,#3514);
#3516=CYLINDRICAL_SURFACE('',#3515,4.25E0);
#3517=ORIENTED_EDGE('',*,*,#2881,.T.);
#3519=ORIENTED_EDGE('',*,*,#3518,.T.);
#3520=ORIENTED_EDGE('',*,*,#3018,.F.);
#3522=ORIENTED_EDGE('',*,*,#3521,.F.);
#3523=EDGE_LOOP('',(#3517,#3519,#3520,#3522));
#3524=FACE_OUTER_BOUND('',#3523,.F.);
#3526=FILL_AREA_STYLE_COLOUR('',#42);
#3527=FILL_AREA_STYLE('',(#3526));
#3528=SURFACE_STYLE_FILL_AREA(#3527);
#3529=SURFACE_SIDE_STYLE('',(#3528));
#3530=SURFACE_STYLE_USAGE(.BOTH.,#3529);
#3531=PRESENTATION_STYLE_ASSIGNMENT((#3530));
#3532=STYLED_ITEM('',(#3531),#3525);
#3533=CARTESIAN_POINT('',(5.875E1,1.017579849447E2,-3.25E0));
#3534=DIRECTION('',(0.E0,0.E0,1.E0));
#3535=DIRECTION('',(8.660254037844E-1,-5.E-1,0.E0));
#3536=AXIS2_PLACEMENT_3D('',#3533,#3534,#3535);
#3537=CYLINDRICAL_SURFACE('',#3536,4.25E0);
#3538=ORIENTED_EDGE('',*,*,#2883,.T.);
#3539=ORIENTED_EDGE('',*,*,#3521,.T.);
#3540=ORIENTED_EDGE('',*,*,#3020,.F.);
#3541=ORIENTED_EDGE('',*,*,#3518,.F.);
#3542=EDGE_LOOP('',(#3538,#3539,#3540,#3541));
#3543=FACE_OUTER_BOUND('',#3542,.F.);
#3545=FILL_AREA_STYLE_COLOUR('',#42);
#3546=FILL_AREA_STYLE('',(#3545));
#3547=SURFACE_STYLE_FILL_AREA(#3546);
#3548=SURFACE_SIDE_STYLE('',(#3547));
#3549=SURFACE_STYLE_USAGE(.BOTH.,#3548);
#3550=PRESENTATION_STYLE_ASSIGNMENT((#3549));
#3551=STYLED_ITEM('',(#3550),#3544);
#3554=FILL_AREA_STYLE_COLOUR('',#42);
#3555=FILL_AREA_STYLE('',(#3554));
#3556=SURFACE_STYLE_FILL_AREA(#3555);
#3557=SURFACE_SIDE_STYLE('',(#3556));
#3558=SURFACE_STYLE_USAGE(.BOTH.,#3557);
#3559=PRESENTATION_STYLE_ASSIGNMENT((#3558));
#2041=STYLED_ITEM('',(#3559),#3553);
#3562=PLANE_ANGLE_MEASURE_WITH_UNIT(PLANE_ANGLE_MEASURE(1.745329251994E-2),
#3561);
#3563=(CONVERSION_BASED_UNIT('DEGREE',#3562)NAMED_UNIT(*)PLANE_ANGLE_UNIT());
#3565=UNCERTAINTY_MEASURE_WITH_UNIT(LENGTH_MEASURE(1.E-2),#3560,
'distance_accuracy_value',
'Maximum model space distance between geometric entities at asserted connectivities');
#3567=CARTESIAN_POINT('',(0.E0,0.E0,0.E0));
#3568=DIRECTION('',(0.E0,0.E0,1.E0));
#3569=DIRECTION('',(1.E0,0.E0,0.E0));
#3572=PRODUCT_CONTEXT('',#1976,'mechanical');
#3573=PRODUCT('GASKET_PIPE','GASKET_PIPE','NOT SPECIFIED',(#3572));
#3574=PRODUCT_DEFINITION_FORMATION('5','LAST_VERSION',#3573);
#3582=DERIVED_UNIT_ELEMENT(#3581,2.E0);
#3583=DERIVED_UNIT((#3582));
#3584=MEASURE_REPRESENTATION_ITEM('surface area measure',AREA_MEASURE(
4.212404509566E4),#3583);
#3589=DERIVED_UNIT_ELEMENT(#3588,3.E0);
#3590=DERIVED_UNIT((#3589));
#3591=MEASURE_REPRESENTATION_ITEM('volume measure',VOLUME_MEASURE(
2.018237857957E4),#3590);
#3595=CARTESIAN_POINT('centre point',(0.E0,-1.243760920942E-14,5.E-1));
#3600=DERIVED_UNIT_ELEMENT(#3599,2.E0);
#3601=DERIVED_UNIT((#3600));
#3602=MEASURE_REPRESENTATION_ITEM('surface area measure',AREA_MEASURE(
4.212404509566E4),#3601);
#3607=DERIVED_UNIT_ELEMENT(#3606,3.E0);
#3608=DERIVED_UNIT((#3607));
#3609=MEASURE_REPRESENTATION_ITEM('volume measure',VOLUME_MEASURE(
2.018237857957E4),#3608);
#3613=CARTESIAN_POINT('centre point',(0.E0,-1.243760920942E-14,5.E-1));
#3620=CARTESIAN_POINT('centre point',(0.E0,8.5E0,1.243760920942E-14));
#3624=CARTESIAN_POINT('',(0.E0,8.E0,0.E0));
#3625=DIRECTION('',(0.E0,1.E0,0.E0));
#3626=DIRECTION('',(1.E0,0.E0,-1.249784405326E-14));
#3627=AXIS2_PLACEMENT_3D('',#3624,#3625,#3626);
#3628=ITEM_DEFINED_TRANSFORMATION('','',#3570,#3627);
#3629=(REPRESENTATION_RELATIONSHIP('','',#3571,#2027)REPRESENTATION_RELATIONSHIP_WITH_TRANSFORMATION(#3628)SHAPE_REPRESENTATION_RELATIONSHIP());
#3630=CONTEXT_DEPENDENT_SHAPE_REPRESENTATION(#3629,#3619);
#3633=CARTESIAN_POINT('centre point',(3.163463820217E-14,1.074800671773E2,
-1.067600394565E-13));
#3637=CARTESIAN_POINT('',(0.E0,1.7E1,0.E0));
#3638=DIRECTION('',(0.E0,0.E0,-1.E0));
#3639=DIRECTION('',(1.E0,0.E0,0.E0));
#3640=AXIS2_PLACEMENT_3D('',#3637,#3638,#3639);
#3641=ITEM_DEFINED_TRANSFORMATION('','',#1974,#3640);
#3642=(REPRESENTATION_RELATIONSHIP('','',#1975,#2027)REPRESENTATION_RELATIONSHIP_WITH_TRANSFORMATION(#3641)SHAPE_REPRESENTATION_RELATIONSHIP());
#3643=CONTEXT_DEPENDENT_SHAPE_REPRESENTATION(#3642,#3632);
#3645=DIRECTION('',(0.E0,1.E0,0.E0));
#3646=VECTOR('',#3645,2.7E1);
#3647=CARTESIAN_POINT('',(4.E0,0.E0,0.E0));
#3648=LINE('',#3647,#3646);
#3649=CURVE_STYLE('',#49,POSITIVE_LENGTH_MEASURE(2.E-2),#23);
#3650=PRESENTATION_STYLE_ASSIGNMENT((#3649));
#3651=STYLED_ITEM('',(#3650),#3648);
#3652=CARTESIAN_POINT('',(0.E0,0.E0,0.E0));
#3653=DIRECTION('',(0.E0,-1.E0,0.E0));
#3654=DIRECTION('',(1.E0,0.E0,0.E0));
#3655=AXIS2_PLACEMENT_3D('',#3652,#3653,#3654);
#3657=CURVE_STYLE('',#49,POSITIVE_LENGTH_MEASURE(2.E-2),#23);
#3658=PRESENTATION_STYLE_ASSIGNMENT((#3657));
#3659=STYLED_ITEM('',(#3658),#3656);
#3660=DIRECTION('',(0.E0,1.E0,0.E0));
#3661=VECTOR('',#3660,2.7E1);
#3662=CARTESIAN_POINT('',(-4.E0,0.E0,0.E0));
#3663=LINE('',#3662,#3661);
#3664=CURVE_STYLE('',#49,POSITIVE_LENGTH_MEASURE(2.E-2),#23);
#3665=PRESENTATION_STYLE_ASSIGNMENT((#3664));
#3666=STYLED_ITEM('',(#3665),#3663);
#3667=CARTESIAN_POINT('',(0.E0,0.E0,0.E0));
#3668=DIRECTION('',(0.E0,1.E0,0.E0));
#3669=DIRECTION('',(1.E0,0.E0,0.E0));
#3670=AXIS2_PLACEMENT_3D('',#3667,#3668,#3669);
#3672=CURVE_STYLE('',#49,POSITIVE_LENGTH_MEASURE(2.E-2),#23);
#3673=PRESENTATION_STYLE_ASSIGNMENT((#3672));
#3674=STYLED_ITEM('',(#3673),#3671);
#3675=CARTESIAN_POINT('',(0.E0,2.7E1,0.E0));
#3676=DIRECTION('',(0.E0,-1.E0,0.E0));
#3677=DIRECTION('',(1.E0,0.E0,0.E0));
#3678=AXIS2_PLACEMENT_3D('',#3675,#3676,#3677);
#3680=CURVE_STYLE('',#49,POSITIVE_LENGTH_MEASURE(2.E-2),#23);
#3681=PRESENTATION_STYLE_ASSIGNMENT((#3680));
#3682=STYLED_ITEM('',(#3681),#3679);
#3683=CARTESIAN_POINT('',(0.E0,2.7E1,0.E0));
#3684=DIRECTION('',(0.E0,1.E0,0.E0));
#3685=DIRECTION('',(1.E0,0.E0,0.E0));
#3686=AXIS2_PLACEMENT_3D('',#3683,#3684,#3685);
#3688=CURVE_STYLE('',#49,POSITIVE_LENGTH_MEASURE(2.E-2),#23);
#3689=PRESENTATION_STYLE_ASSIGNMENT((#3688));
#3690=STYLED_ITEM('',(#3689),#3687);
#3691=CARTESIAN_POINT('',(0.E0,2.7E1,0.E0));
#3692=DIRECTION('',(0.E0,1.E0,0.E0));
#3693=DIRECTION('',(1.E0,0.E0,0.E0));
#3694=AXIS2_PLACEMENT_3D('',#3691,#3692,#3693);
#3696=CURVE_STYLE('',#49,POSITIVE_LENGTH_MEASURE(2.E-2),#23);
#3697=PRESENTATION_STYLE_ASSIGNMENT((#3696));
#3698=STYLED_ITEM('',(#3697),#3695);
#3699=DIRECTION('',(0.E0,1.E0,0.E0));
#3700=VECTOR('',#3699,8.E0);
#3701=CARTESIAN_POINT('',(6.5E0,2.7E1,0.E0));
#3702=LINE('',#3701,#3700);
#3703=CURVE_STYLE('',#49,POSITIVE_LENGTH_MEASURE(2.E-2),#23);
#3704=PRESENTATION_STYLE_ASSIGNMENT((#3703));
#3705=STYLED_ITEM('',(#3704),#3702);
#3706=CARTESIAN_POINT('',(0.E0,2.7E1,0.E0));
#3707=DIRECTION('',(0.E0,-1.E0,0.E0));
#3708=DIRECTION('',(1.E0,0.E0,0.E0));
#3709=AXIS2_PLACEMENT_3D('',#3706,#3707,#3708);
#3711=CURVE_STYLE('',#49,POSITIVE_LENGTH_MEASURE(2.E-2),#23);
#3712=PRESENTATION_STYLE_ASSIGNMENT((#3711));
#3713=STYLED_ITEM('',(#3712),#3710);
#3714=DIRECTION('',(0.E0,1.E0,0.E0));
#3715=VECTOR('',#3714,8.E0);
#3716=CARTESIAN_POINT('',(-6.5E0,2.7E1,0.E0));
#3717=LINE('',#3716,#3715);
#3718=CURVE_STYLE('',#49,POSITIVE_LENGTH_MEASURE(2.E-2),#23);
#3719=PRESENTATION_STYLE_ASSIGNMENT((#3718));
#3720=STYLED_ITEM('',(#3719),#3717);
#3721=CARTESIAN_POINT('',(0.E0,3.5E1,0.E0));
#3722=DIRECTION('',(0.E0,-1.E0,0.E0));
#3723=DIRECTION('',(1.E0,0.E0,0.E0));
#3724=AXIS2_PLACEMENT_3D('',#3721,#3722,#3723);
#3726=CURVE_STYLE('',#49,POSITIVE_LENGTH_MEASURE(2.E-2),#23);
#3727=PRESENTATION_STYLE_ASSIGNMENT((#3726));
#3728=STYLED_ITEM('',(#3727),#3725);
#3729=CARTESIAN_POINT('',(0.E0,3.5E1,0.E0));
#3730=DIRECTION('',(0.E0,1.E0,0.E0));
#3731=DIRECTION('',(1.E0,0.E0,0.E0));
#3732=AXIS2_PLACEMENT_3D('',#3729,#3730,#3731);
#3734=CURVE_STYLE('',#49,POSITIVE_LENGTH_MEASURE(2.E-2),#23);
#3735=PRESENTATION_STYLE_ASSIGNMENT((#3734));
#3736=STYLED_ITEM('',(#3735),#3733);
#3737=CARTESIAN_POINT('',(4.E0,0.E0,0.E0));
#3738=CARTESIAN_POINT('',(4.E0,2.7E1,0.E0));
#3739=VERTEX_POINT('',#3737);
#3740=VERTEX_POINT('',#3738);
#3741=CARTESIAN_POINT('',(6.5E0,2.7E1,0.E0));
#3742=CARTESIAN_POINT('',(6.5E0,3.5E1,0.E0));
#3743=VERTEX_POINT('',#3741);
#3744=VERTEX_POINT('',#3742);
#3745=CARTESIAN_POINT('',(-4.E0,0.E0,0.E0));
#3746=CARTESIAN_POINT('',(-4.E0,2.7E1,0.E0));
#3747=VERTEX_POINT('',#3745);
#3748=VERTEX_POINT('',#3746);
#3749=CARTESIAN_POINT('',(-6.5E0,2.7E1,0.E0));
#3750=CARTESIAN_POINT('',(-6.5E0,3.5E1,0.E0));
#3751=VERTEX_POINT('',#3749);
#3752=VERTEX_POINT('',#3750);
#3753=CARTESIAN_POINT('',(0.E0,0.E0,0.E0));
#3754=DIRECTION('',(0.E0,1.E0,0.E0));
#3755=DIRECTION('',(1.E0,0.E0,0.E0));
#3756=AXIS2_PLACEMENT_3D('',#3753,#3754,#3755);
#3757=PLANE('',#3756);
#3759=ORIENTED_EDGE('',*,*,#3758,.F.);
#3761=ORIENTED_EDGE('',*,*,#3760,.T.);
#3762=EDGE_LOOP('',(#3759,#3761));
#3763=FACE_OUTER_BOUND('',#3762,.F.);
#3765=FILL_AREA_STYLE_COLOUR('',#23);
#3766=FILL_AREA_STYLE('',(#3765));
#3767=SURFACE_STYLE_FILL_AREA(#3766);
#3768=SURFACE_SIDE_STYLE('',(#3767));
#3769=SURFACE_STYLE_USAGE(.BOTH.,#3768);
#3770=PRESENTATION_STYLE_ASSIGNMENT((#3769));
#3771=STYLED_ITEM('',(#3770),#3764);
#3772=CARTESIAN_POINT('',(0.E0,-1.75E0,0.E0));
#3773=DIRECTION('',(0.E0,1.E0,0.E0));
#3774=DIRECTION('',(1.E0,0.E0,0.E0));
#3775=AXIS2_PLACEMENT_3D('',#3772,#3773,#3774);
#3776=CYLINDRICAL_SURFACE('',#3775,4.E0);
#3778=ORIENTED_EDGE('',*,*,#3777,.F.);
#3779=ORIENTED_EDGE('',*,*,#3758,.T.);
#3781=ORIENTED_EDGE('',*,*,#3780,.T.);
#3783=ORIENTED_EDGE('',*,*,#3782,.F.);
#3784=EDGE_LOOP('',(#3778,#3779,#3781,#3783));
#3785=FACE_OUTER_BOUND('',#3784,.F.);
#3787=FILL_AREA_STYLE_COLOUR('',#23);
#3788=FILL_AREA_STYLE('',(#3787));
#3789=SURFACE_STYLE_FILL_AREA(#3788);
#3790=SURFACE_SIDE_STYLE('',(#3789));
#3791=SURFACE_STYLE_USAGE(.BOTH.,#3790);
#3792=PRESENTATION_STYLE_ASSIGNMENT((#3791));
#3793=STYLED_ITEM('',(#3792),#3786);
#3794=CARTESIAN_POINT('',(0.E0,-1.75E0,0.E0));
#3795=DIRECTION('',(0.E0,1.E0,0.E0));
#3796=DIRECTION('',(1.E0,0.E0,0.E0));
#3797=AXIS2_PLACEMENT_3D('',#3794,#3795,#3796);
#3798=CYLINDRICAL_SURFACE('',#3797,4.E0);
#3799=ORIENTED_EDGE('',*,*,#3777,.T.);
#3801=ORIENTED_EDGE('',*,*,#3800,.T.);
#3802=ORIENTED_EDGE('',*,*,#3780,.F.);
#3803=ORIENTED_EDGE('',*,*,#3760,.F.);
#3804=EDGE_LOOP('',(#3799,#3801,#3802,#3803));
#3805=FACE_OUTER_BOUND('',#3804,.F.);
#3807=FILL_AREA_STYLE_COLOUR('',#23);
#3808=FILL_AREA_STYLE('',(#3807));
#3809=SURFACE_STYLE_FILL_AREA(#3808);
#3810=SURFACE_SIDE_STYLE('',(#3809));
#3811=SURFACE_STYLE_USAGE(.BOTH.,#3810);
#3812=PRESENTATION_STYLE_ASSIGNMENT((#3811));
#3813=STYLED_ITEM('',(#3812),#3806);
#3814=CARTESIAN_POINT('',(0.E0,2.7E1,0.E0));
#3815=DIRECTION('',(0.E0,1.E0,0.E0));
#3816=DIRECTION('',(1.E0,0.E0,0.E0));
#3817=AXIS2_PLACEMENT_3D('',#3814,#3815,#3816);
#3818=PLANE('',#3817);
#3820=ORIENTED_EDGE('',*,*,#3819,.T.);
#3822=ORIENTED_EDGE('',*,*,#3821,.F.);
#3823=EDGE_LOOP('',(#3820,#3822));
#3824=FACE_OUTER_BOUND('',#3823,.F.);
#3825=ORIENTED_EDGE('',*,*,#3782,.T.);
#3826=ORIENTED_EDGE('',*,*,#3800,.F.);
#3827=EDGE_LOOP('',(#3825,#3826));
#3828=FACE_BOUND('',#3827,.F.);
#3830=FILL_AREA_STYLE_COLOUR('',#23);
#3831=FILL_AREA_STYLE('',(#3830));
#3832=SURFACE_STYLE_FILL_AREA(#3831);
#3833=SURFACE_SIDE_STYLE('',(#3832));
#3834=SURFACE_STYLE_USAGE(.BOTH.,#3833);
#3835=PRESENTATION_STYLE_ASSIGNMENT((#3834));
#3836=STYLED_ITEM('',(#3835),#3829);
#3837=CARTESIAN_POINT('',(0.E0,-1.75E0,0.E0));
#3838=DIRECTION('',(0.E0,1.E0,0.E0));
#3839=DIRECTION('',(1.E0,0.E0,0.E0));
#3840=AXIS2_PLACEMENT_3D('',#3837,#3838,#3839);
#3841=CYLINDRICAL_SURFACE('',#3840,6.5E0);
#3843=ORIENTED_EDGE('',*,*,#3842,.T.);
#3845=ORIENTED_EDGE('',*,*,#3844,.T.);
#3847=ORIENTED_EDGE('',*,*,#3846,.F.);
#3848=ORIENTED_EDGE('',*,*,#3819,.F.);
#3849=EDGE_LOOP('',(#3843,#3845,#3847,#3848));
#3850=FACE_OUTER_BOUND('',#3849,.F.);
#3852=FILL_AREA_STYLE_COLOUR('',#23);
#3853=FILL_AREA_STYLE('',(#3852));
#3854=SURFACE_STYLE_FILL_AREA(#3853);
#3855=SURFACE_SIDE_STYLE('',(#3854));
#3856=SURFACE_STYLE_USAGE(.BOTH.,#3855);
#3857=PRESENTATION_STYLE_ASSIGNMENT((#3856));
#3858=STYLED_ITEM('',(#3857),#3851);
#3859=CARTESIAN_POINT('',(0.E0,-1.75E0,0.E0));
#3860=DIRECTION('',(0.E0,1.E0,0.E0));
#3861=DIRECTION('',(1.E0,0.E0,0.E0));
#3862=AXIS2_PLACEMENT_3D('',#3859,#3860,#3861);
#3863=CYLINDRICAL_SURFACE('',#3862,6.5E0);
#3864=ORIENTED_EDGE('',*,*,#3842,.F.);
#3865=ORIENTED_EDGE('',*,*,#3821,.T.);
#3866=ORIENTED_EDGE('',*,*,#3846,.T.);
#3868=ORIENTED_EDGE('',*,*,#3867,.F.);
#3869=EDGE_LOOP('',(#3864,#3865,#3866,#3868));
#3870=FACE_OUTER_BOUND('',#3869,.F.);
#3872=FILL_AREA_STYLE_COLOUR('',#23);
#3873=FILL_AREA_STYLE('',(#3872));
#3874=SURFACE_STYLE_FILL_AREA(#3873);
#3875=SURFACE_SIDE_STYLE('',(#3874));
#3876=SURFACE_STYLE_USAGE(.BOTH.,#3875);
#3877=PRESENTATION_STYLE_ASSIGNMENT((#3876));
#3878=STYLED_ITEM('',(#3877),#3871);
#3879=CARTESIAN_POINT('',(0.E0,3.5E1,0.E0));
#3880=DIRECTION('',(0.E0,1.E0,0.E0));
#3881=DIRECTION('',(1.E0,0.E0,0.E0));
#3882=AXIS2_PLACEMENT_3D('',#3879,#3880,#3881);
#3883=PLANE('',#3882);
#3884=ORIENTED_EDGE('',*,*,#3867,.T.);
#3885=ORIENTED_EDGE('',*,*,#3844,.F.);
#3886=EDGE_LOOP('',(#3884,#3885));
#3887=FACE_OUTER_BOUND('',#3886,.F.);
#3889=FILL_AREA_STYLE_COLOUR('',#23);
#3890=FILL_AREA_STYLE('',(#3889));
#3891=SURFACE_STYLE_FILL_AREA(#3890);
#3892=SURFACE_SIDE_STYLE('',(#3891));
#3893=SURFACE_STYLE_USAGE(.BOTH.,#3892);
#3894=PRESENTATION_STYLE_ASSIGNMENT((#3893));
#3895=STYLED_ITEM('',(#3894),#3888);
#3898=FILL_AREA_STYLE_COLOUR('',#23);
#3899=FILL_AREA_STYLE('',(#3898));
#3900=SURFACE_STYLE_FILL_AREA(#3899);
#3901=SURFACE_SIDE_STYLE('',(#3900));
#3902=SURFACE_STYLE_USAGE(.BOTH.,#3901);
#3903=PRESENTATION_STYLE_ASSIGNMENT((#3902));
#3644=STYLED_ITEM('',(#3903),#3897);
#3906=PLANE_ANGLE_MEASURE_WITH_UNIT(PLANE_ANGLE_MEASURE(1.745329251994E-2),
#3905);
#3907=(CONVERSION_BASED_UNIT('DEGREE',#3906)NAMED_UNIT(*)PLANE_ANGLE_UNIT());
#3909=UNCERTAINTY_MEASURE_WITH_UNIT(LENGTH_MEASURE(1.E-2),#3904,
'distance_accuracy_value',
'Maximum model space distance between geometric entities at asserted connectivities');
#3911=CARTESIAN_POINT('',(0.E0,0.E0,0.E0));
#3912=DIRECTION('',(0.E0,0.E0,1.E0));
#3913=DIRECTION('',(1.E0,0.E0,0.E0));
#3916=PRODUCT_DEFINITION_CONTEXT('part definition',#1976,'design');
#3917=PRODUCT_CONTEXT('',#1976,'mechanical');
#3918=PRODUCT('BOLT_8MM','BOLT_8MM','NOT SPECIFIED',(#3917));
#3919=PRODUCT_DEFINITION_FORMATION('5','LAST_VERSION',#3918);
#3927=DERIVED_UNIT_ELEMENT(#3926,2.E0);
#3928=DERIVED_UNIT((#3927));
#3929=MEASURE_REPRESENTATION_ITEM('surface area measure',AREA_MEASURE(
1.270774228377E3),#3928);
#3934=DERIVED_UNIT_ELEMENT(#3933,3.E0);
#3935=DERIVED_UNIT((#3934));
#3936=MEASURE_REPRESENTATION_ITEM('volume measure',VOLUME_MEASURE(
2.419026343264E3),#3935);
#3940=CARTESIAN_POINT('centre point',(0.E0,2.118181818182E1,0.E0));
#3945=DERIVED_UNIT_ELEMENT(#3944,2.E0);
#3946=DERIVED_UNIT((#3945));
#3947=MEASURE_REPRESENTATION_ITEM('surface area measure',AREA_MEASURE(
1.270774228377E3),#3946);
#3952=DERIVED_UNIT_ELEMENT(#3951,3.E0);
#3953=DERIVED_UNIT((#3952));
#3954=MEASURE_REPRESENTATION_ITEM('volume measure',VOLUME_MEASURE(
2.419026343264E3),#3953);
#3958=CARTESIAN_POINT('centre point',(0.E0,2.118181818182E1,0.E0));
#3965=CARTESIAN_POINT('centre point',(-1.461886300722E-14,1.118181818182E1,
-1.175E2));
#3969=CARTESIAN_POINT('',(-1.460391307983E-14,-1.E1,-1.175E2));
#3970=DIRECTION('',(0.E0,0.E0,1.E0));
#3971=DIRECTION('',(1.E0,0.E0,0.E0));
#3972=AXIS2_PLACEMENT_3D('',#3969,#3970,#3971);
#3973=ITEM_DEFINED_TRANSFORMATION('','',#3914,#3972);
#3974=(REPRESENTATION_RELATIONSHIP('','',#3915,#2027)REPRESENTATION_RELATIONSHIP_WITH_TRANSFORMATION(#3973)SHAPE_REPRESENTATION_RELATIONSHIP());
#3975=CONTEXT_DEPENDENT_SHAPE_REPRESENTATION(#3974,#3964);
#3978=CARTESIAN_POINT('centre point',(-5.875E1,1.118181818182E1,
-1.017579849447E2));
#3982=CARTESIAN_POINT('',(-5.875E1,-1.E1,-1.017579849447E2));
#3983=DIRECTION('',(0.E0,0.E0,1.E0));
#3984=DIRECTION('',(1.E0,0.E0,0.E0));
#3985=AXIS2_PLACEMENT_3D('',#3982,#3983,#3984);
#3986=ITEM_DEFINED_TRANSFORMATION('','',#3914,#3985);
#3987=(REPRESENTATION_RELATIONSHIP('','',#3915,#2027)REPRESENTATION_RELATIONSHIP_WITH_TRANSFORMATION(#3986)SHAPE_REPRESENTATION_RELATIONSHIP());
#3988=CONTEXT_DEPENDENT_SHAPE_REPRESENTATION(#3987,#3977);
#3991=CARTESIAN_POINT('centre point',(-1.017579849447E2,1.118181818182E1,
-5.875E1));
#3995=CARTESIAN_POINT('',(-1.017579849447E2,-1.E1,-5.875E1));
#3996=DIRECTION('',(0.E0,0.E0,1.E0));
#3997=DIRECTION('',(1.E0,0.E0,0.E0));
#3998=AXIS2_PLACEMENT_3D('',#3995,#3996,#3997);
#3999=ITEM_DEFINED_TRANSFORMATION('','',#3914,#3998);
#4000=(REPRESENTATION_RELATIONSHIP('','',#3915,#2027)REPRESENTATION_RELATIONSHIP_WITH_TRANSFORMATION(#3999)SHAPE_REPRESENTATION_RELATIONSHIP());
#4001=CONTEXT_DEPENDENT_SHAPE_REPRESENTATION(#4000,#3990);
#4004=CARTESIAN_POINT('centre point',(-1.175E2,1.118181818182E1,0.E0));
#4008=CARTESIAN_POINT('',(-1.175E2,-1.E1,0.E0));
#4009=DIRECTION('',(0.E0,0.E0,1.E0));
#4010=DIRECTION('',(1.E0,0.E0,0.E0));
#4011=AXIS2_PLACEMENT_3D('',#4008,#4009,#4010);
#4012=ITEM_DEFINED_TRANSFORMATION('','',#3914,#4011);
#4013=(REPRESENTATION_RELATIONSHIP('','',#3915,#2027)REPRESENTATION_RELATIONSHIP_WITH_TRANSFORMATION(#4012)SHAPE_REPRESENTATION_RELATIONSHIP());
#4014=CONTEXT_DEPENDENT_SHAPE_REPRESENTATION(#4013,#4003);
#4017=CARTESIAN_POINT('centre point',(-1.017579849447E2,1.118181818182E1,
5.875E1));
#4021=CARTESIAN_POINT('',(-1.017579849447E2,-1.E1,5.875E1));
#4022=DIRECTION('',(0.E0,0.E0,1.E0));
#4023=DIRECTION('',(1.E0,0.E0,0.E0));
#4024=AXIS2_PLACEMENT_3D('',#4021,#4022,#4023);
#4025=ITEM_DEFINED_TRANSFORMATION('','',#3914,#4024);
#4026=(REPRESENTATION_RELATIONSHIP('','',#3915,#2027)REPRESENTATION_RELATIONSHIP_WITH_TRANSFORMATION(#4025)SHAPE_REPRESENTATION_RELATIONSHIP());
#4027=CONTEXT_DEPENDENT_SHAPE_REPRESENTATION(#4026,#4016);
#4030=CARTESIAN_POINT('centre point',(-5.875E1,1.118181818182E1,
1.017579849447E2));
#4034=CARTESIAN_POINT('',(-5.875E1,-1.E1,1.017579849447E2));
#4035=DIRECTION('',(0.E0,0.E0,1.E0));
#4036=DIRECTION('',(1.E0,0.E0,0.E0));
#4037=AXIS2_PLACEMENT_3D('',#4034,#4035,#4036);
#4038=ITEM_DEFINED_TRANSFORMATION('','',#3914,#4037);
#4039=(REPRESENTATION_RELATIONSHIP('','',#3915,#2027)REPRESENTATION_RELATIONSHIP_WITH_TRANSFORMATION(#4038)SHAPE_REPRESENTATION_RELATIONSHIP());
#4040=CONTEXT_DEPENDENT_SHAPE_REPRESENTATION(#4039,#4029);
#4043=CARTESIAN_POINT('centre point',(0.E0,1.118181818182E1,1.175E2));
#4047=CARTESIAN_POINT('',(0.E0,-1.E1,1.175E2));
#4048=DIRECTION('',(0.E0,0.E0,1.E0));
#4049=DIRECTION('',(1.E0,0.E0,0.E0));
#4050=AXIS2_PLACEMENT_3D('',#4047,#4048,#4049);
#4051=ITEM_DEFINED_TRANSFORMATION('','',#3914,#4050);
#4052=(REPRESENTATION_RELATIONSHIP('','',#3915,#2027)REPRESENTATION_RELATIONSHIP_WITH_TRANSFORMATION(#4051)SHAPE_REPRESENTATION_RELATIONSHIP());
#4053=CONTEXT_DEPENDENT_SHAPE_REPRESENTATION(#4052,#4042);
#4056=CARTESIAN_POINT('centre point',(5.875E1,1.118181818182E1,
1.017579849447E2));
#4060=CARTESIAN_POINT('',(5.875E1,-1.E1,1.017579849447E2));
#4061=DIRECTION('',(0.E0,0.E0,1.E0));
#4062=DIRECTION('',(1.E0,0.E0,0.E0));
#4063=AXIS2_PLACEMENT_3D('',#4060,#4061,#4062);
#4064=ITEM_DEFINED_TRANSFORMATION('','',#3914,#4063);
#4065=(REPRESENTATION_RELATIONSHIP('','',#3915,#2027)REPRESENTATION_RELATIONSHIP_WITH_TRANSFORMATION(#4064)SHAPE_REPRESENTATION_RELATIONSHIP());
#4066=CONTEXT_DEPENDENT_SHAPE_REPRESENTATION(#4065,#4055);
#4069=CARTESIAN_POINT('centre point',(1.017579849447E2,1.118181818182E1,
5.875E1));
#4073=CARTESIAN_POINT('',(1.017579849447E2,-1.E1,5.875E1));
#4074=DIRECTION('',(0.E0,0.E0,1.E0));
#4075=DIRECTION('',(1.E0,0.E0,0.E0));
#4076=AXIS2_PLACEMENT_3D('',#4073,#4074,#4075);
#4077=ITEM_DEFINED_TRANSFORMATION('','',#3914,#4076);
#4078=(REPRESENTATION_RELATIONSHIP('','',#3915,#2027)REPRESENTATION_RELATIONSHIP_WITH_TRANSFORMATION(#4077)SHAPE_REPRESENTATION_RELATIONSHIP());
#4079=CONTEXT_DEPENDENT_SHAPE_REPRESENTATION(#4078,#4068);
#4082=CARTESIAN_POINT('centre point',(1.175E2,1.118181818182E1,
-2.250427045519E-14));
#4086=CARTESIAN_POINT('',(1.175E2,-1.E1,-2.055875201745E-14));
#4087=DIRECTION('',(0.E0,0.E0,1.E0));
#4088=DIRECTION('',(1.E0,0.E0,0.E0));
#4089=AXIS2_PLACEMENT_3D('',#4086,#4087,#4088);
#4090=ITEM_DEFINED_TRANSFORMATION('','',#3914,#4089);
#4091=(REPRESENTATION_RELATIONSHIP('','',#3915,#2027)REPRESENTATION_RELATIONSHIP_WITH_TRANSFORMATION(#4090)SHAPE_REPRESENTATION_RELATIONSHIP());
#4092=CONTEXT_DEPENDENT_SHAPE_REPRESENTATION(#4091,#4081);
#4095=CARTESIAN_POINT('centre point',(1.017579849447E2,1.118181818182E1,
-5.875E1));
#4099=CARTESIAN_POINT('',(1.017579849447E2,-1.E1,-5.875E1));
#4100=DIRECTION('',(0.E0,0.E0,1.E0));
#4101=DIRECTION('',(1.E0,0.E0,0.E0));
#4102=AXIS2_PLACEMENT_3D('',#4099,#4100,#4101);
#4103=ITEM_DEFINED_TRANSFORMATION('','',#3914,#4102);
#4104=(REPRESENTATION_RELATIONSHIP('','',#3915,#2027)REPRESENTATION_RELATIONSHIP_WITH_TRANSFORMATION(#4103)SHAPE_REPRESENTATION_RELATIONSHIP());
#4105=CONTEXT_DEPENDENT_SHAPE_REPRESENTATION(#4104,#4094);
#4108=CARTESIAN_POINT('centre point',(5.875E1,1.118181818182E1,
-1.017579849447E2));
#4112=CARTESIAN_POINT('',(5.875E1,-1.E1,-1.017579849447E2));
#4113=DIRECTION('',(0.E0,0.E0,1.E0));
#4114=DIRECTION('',(1.E0,0.E0,0.E0));
#4115=AXIS2_PLACEMENT_3D('',#4112,#4113,#4114);
#4116=ITEM_DEFINED_TRANSFORMATION('','',#3914,#4115);
#4117=(REPRESENTATION_RELATIONSHIP('','',#3915,#2027)REPRESENTATION_RELATIONSHIP_WITH_TRANSFORMATION(#4116)SHAPE_REPRESENTATION_RELATIONSHIP());
#4118=CONTEXT_DEPENDENT_SHAPE_REPRESENTATION(#4117,#4107);
#4120=CARTESIAN_POINT('',(0.E0,0.E0,0.E0));
#4121=DIRECTION('',(0.E0,0.E0,-1.E0));
#4122=DIRECTION('',(1.E0,0.E0,0.E0));
#4123=AXIS2_PLACEMENT_3D('',#4120,#4121,#4122);
#4125=CURVE_STYLE('',#49,POSITIVE_LENGTH_MEASURE(2.E-2),#23);
#4126=PRESENTATION_STYLE_ASSIGNMENT((#4125));
#4127=STYLED_ITEM('',(#4126),#4124);
#4128=CARTESIAN_POINT('',(0.E0,0.E0,0.E0));
#4129=DIRECTION('',(0.E0,0.E0,-1.E0));
#4130=DIRECTION('',(-1.E0,0.E0,0.E0));
#4131=AXIS2_PLACEMENT_3D('',#4128,#4129,#4130);
#4133=CURVE_STYLE('',#49,POSITIVE_LENGTH_MEASURE(2.E-2),#23);
#4134=PRESENTATION_STYLE_ASSIGNMENT((#4133));
#4135=STYLED_ITEM('',(#4134),#4132);
#4136=CARTESIAN_POINT('',(0.E0,0.E0,0.E0));
#4137=DIRECTION('',(0.E0,0.E0,1.E0));
#4138=DIRECTION('',(1.E0,0.E0,0.E0));
#4139=AXIS2_PLACEMENT_3D('',#4136,#4137,#4138);
#4141=CURVE_STYLE('',#49,POSITIVE_LENGTH_MEASURE(2.E-2),#23);
#4142=PRESENTATION_STYLE_ASSIGNMENT((#4141));
#4143=STYLED_ITEM('',(#4142),#4140);
#4144=CARTESIAN_POINT('',(0.E0,0.E0,0.E0));
#4145=DIRECTION('',(0.E0,0.E0,1.E0));
#4146=DIRECTION('',(-1.E0,0.E0,0.E0));
#4147=AXIS2_PLACEMENT_3D('',#4144,#4145,#4146);
#4149=CURVE_STYLE('',#49,POSITIVE_LENGTH_MEASURE(2.E-2),#23);
#4150=PRESENTATION_STYLE_ASSIGNMENT((#4149));
#4151=STYLED_ITEM('',(#4150),#4148);
#4152=DIRECTION('',(0.E0,0.E0,1.E0));
#4153=VECTOR('',#4152,8.E0);
#4154=CARTESIAN_POINT('',(4.E0,0.E0,0.E0));
#4155=LINE('',#4154,#4153);
#4156=CURVE_STYLE('',#49,POSITIVE_LENGTH_MEASURE(2.E-2),#23);
#4157=PRESENTATION_STYLE_ASSIGNMENT((#4156));
#4158=STYLED_ITEM('',(#4157),#4155);
#4159=DIRECTION('',(0.E0,0.E0,1.E0));
#4160=VECTOR('',#4159,8.E0);
#4161=CARTESIAN_POINT('',(-4.E0,0.E0,0.E0));
#4162=LINE('',#4161,#4160);
#4163=CURVE_STYLE('',#49,POSITIVE_LENGTH_MEASURE(2.E-2),#23);
#4164=PRESENTATION_STYLE_ASSIGNMENT((#4163));
#4165=STYLED_ITEM('',(#4164),#4162);
#4166=CARTESIAN_POINT('',(0.E0,0.E0,8.E0));
#4167=DIRECTION('',(0.E0,0.E0,-1.E0));
#4168=DIRECTION('',(1.E0,0.E0,0.E0));
#4169=AXIS2_PLACEMENT_3D('',#4166,#4167,#4168);
#4171=CURVE_STYLE('',#49,POSITIVE_LENGTH_MEASURE(2.E-2),#23);
#4172=PRESENTATION_STYLE_ASSIGNMENT((#4171));
#4173=STYLED_ITEM('',(#4172),#4170);
#4174=CARTESIAN_POINT('',(0.E0,0.E0,8.E0));
#4175=DIRECTION('',(0.E0,0.E0,-1.E0));
#4176=DIRECTION('',(-1.E0,0.E0,0.E0));
#4177=AXIS2_PLACEMENT_3D('',#4174,#4175,#4176);
#4179=CURVE_STYLE('',#49,POSITIVE_LENGTH_MEASURE(2.E-2),#23);
#4180=PRESENTATION_STYLE_ASSIGNMENT((#4179));
#4181=STYLED_ITEM('',(#4180),#4178);
#4182=CARTESIAN_POINT('',(0.E0,0.E0,8.E0));
#4183=DIRECTION('',(0.E0,0.E0,1.E0));
#4184=DIRECTION('',(1.E0,0.E0,0.E0));
#4185=AXIS2_PLACEMENT_3D('',#4182,#4183,#4184);
#4187=CURVE_STYLE('',#49,POSITIVE_LENGTH_MEASURE(2.E-2),#23);
#4188=PRESENTATION_STYLE_ASSIGNMENT((#4187));
#4189=STYLED_ITEM('',(#4188),#4186);
#4190=CARTESIAN_POINT('',(0.E0,0.E0,8.E0));
#4191=DIRECTION('',(0.E0,0.E0,1.E0));
#4192=DIRECTION('',(-1.E0,0.E0,0.E0));
#4193=AXIS2_PLACEMENT_3D('',#4190,#4191,#4192);
#4195=CURVE_STYLE('',#49,POSITIVE_LENGTH_MEASURE(2.E-2),#23);
#4196=PRESENTATION_STYLE_ASSIGNMENT((#4195));
#4197=STYLED_ITEM('',(#4196),#4194);
#4198=DIRECTION('',(0.E0,0.E0,1.E0));
#4199=VECTOR('',#4198,8.E0);
#4200=CARTESIAN_POINT('',(6.5E0,0.E0,0.E0));
#4201=LINE('',#4200,#4199);
#4202=CURVE_STYLE('',#49,POSITIVE_LENGTH_MEASURE(2.E-2),#23);
#4203=PRESENTATION_STYLE_ASSIGNMENT((#4202));
#4204=STYLED_ITEM('',(#4203),#4201);
#4205=DIRECTION('',(0.E0,0.E0,1.E0));
#4206=VECTOR('',#4205,8.E0);
#4207=CARTESIAN_POINT('',(-6.5E0,0.E0,0.E0));
#4208=LINE('',#4207,#4206);
#4209=CURVE_STYLE('',#49,POSITIVE_LENGTH_MEASURE(2.E-2),#23);
#4210=PRESENTATION_STYLE_ASSIGNMENT((#4209));
#4211=STYLED_ITEM('',(#4210),#4208);
#4212=CARTESIAN_POINT('',(4.E0,0.E0,0.E0));
#4213=CARTESIAN_POINT('',(-4.E0,0.E0,0.E0));
#4214=VERTEX_POINT('',#4212);
#4215=VERTEX_POINT('',#4213);
#4216=CARTESIAN_POINT('',(6.5E0,0.E0,0.E0));
#4217=CARTESIAN_POINT('',(-6.5E0,0.E0,0.E0));
#4218=VERTEX_POINT('',#4216);
#4219=VERTEX_POINT('',#4217);
#4220=CARTESIAN_POINT('',(4.E0,0.E0,8.E0));
#4221=CARTESIAN_POINT('',(-4.E0,0.E0,8.E0));
#4222=VERTEX_POINT('',#4220);
#4223=VERTEX_POINT('',#4221);
#4224=CARTESIAN_POINT('',(6.5E0,0.E0,8.E0));
#4225=CARTESIAN_POINT('',(-6.5E0,0.E0,8.E0));
#4226=VERTEX_POINT('',#4224);
#4227=VERTEX_POINT('',#4225);
#4228=CARTESIAN_POINT('',(0.E0,0.E0,0.E0));
#4229=DIRECTION('',(0.E0,0.E0,1.E0));
#4230=DIRECTION('',(1.E0,0.E0,0.E0));
#4231=AXIS2_PLACEMENT_3D('',#4228,#4229,#4230);
#4232=PLANE('',#4231);
#4234=ORIENTED_EDGE('',*,*,#4233,.T.);
#4236=ORIENTED_EDGE('',*,*,#4235,.T.);
#4237=EDGE_LOOP('',(#4234,#4236));
#4238=FACE_OUTER_BOUND('',#4237,.F.);
#4240=ORIENTED_EDGE('',*,*,#4239,.T.);
#4242=ORIENTED_EDGE('',*,*,#4241,.T.);
#4243=EDGE_LOOP('',(#4240,#4242));
#4244=FACE_BOUND('',#4243,.F.);
#4246=FILL_AREA_STYLE_COLOUR('',#23);
#4247=FILL_AREA_STYLE('',(#4246));
#4248=SURFACE_STYLE_FILL_AREA(#4247);
#4249=SURFACE_SIDE_STYLE('',(#4248));
#4250=SURFACE_STYLE_USAGE(.BOTH.,#4249);
#4251=PRESENTATION_STYLE_ASSIGNMENT((#4250));
#4252=STYLED_ITEM('',(#4251),#4245);
#4253=CARTESIAN_POINT('',(0.E0,0.E0,0.E0));
#4254=DIRECTION('',(0.E0,0.E0,1.E0));
#4255=DIRECTION('',(1.E0,0.E0,0.E0));
#4256=AXIS2_PLACEMENT_3D('',#4253,#4254,#4255);
#4257=CYLINDRICAL_SURFACE('',#4256,4.E0);
#4258=ORIENTED_EDGE('',*,*,#4239,.F.);
#4260=ORIENTED_EDGE('',*,*,#4259,.T.);
#4262=ORIENTED_EDGE('',*,*,#4261,.T.);
#4264=ORIENTED_EDGE('',*,*,#4263,.F.);
#4265=EDGE_LOOP('',(#4258,#4260,#4262,#4264));
#4266=FACE_OUTER_BOUND('',#4265,.F.);
#4268=FILL_AREA_STYLE_COLOUR('',#23);
#4269=FILL_AREA_STYLE('',(#4268));
#4270=SURFACE_STYLE_FILL_AREA(#4269);
#4271=SURFACE_SIDE_STYLE('',(#4270));
#4272=SURFACE_STYLE_USAGE(.BOTH.,#4271);
#4273=PRESENTATION_STYLE_ASSIGNMENT((#4272));
#4274=STYLED_ITEM('',(#4273),#4267);
#4275=CARTESIAN_POINT('',(0.E0,0.E0,0.E0));
#4276=DIRECTION('',(0.E0,0.E0,1.E0));
#4277=DIRECTION('',(1.E0,0.E0,0.E0));
#4278=AXIS2_PLACEMENT_3D('',#4275,#4276,#4277);
#4279=CYLINDRICAL_SURFACE('',#4278,4.E0);
#4280=ORIENTED_EDGE('',*,*,#4241,.F.);
#4281=ORIENTED_EDGE('',*,*,#4263,.T.);
#4283=ORIENTED_EDGE('',*,*,#4282,.T.);
#4284=ORIENTED_EDGE('',*,*,#4259,.F.);
#4285=EDGE_LOOP('',(#4280,#4281,#4283,#4284));
#4286=FACE_OUTER_BOUND('',#4285,.F.);
#4288=FILL_AREA_STYLE_COLOUR('',#23);
#4289=FILL_AREA_STYLE('',(#4288));
#4290=SURFACE_STYLE_FILL_AREA(#4289);
#4291=SURFACE_SIDE_STYLE('',(#4290));
#4292=SURFACE_STYLE_USAGE(.BOTH.,#4291);
#4293=PRESENTATION_STYLE_ASSIGNMENT((#4292));
#4294=STYLED_ITEM('',(#4293),#4287);
#4295=CARTESIAN_POINT('',(0.E0,0.E0,8.E0));
#4296=DIRECTION('',(0.E0,0.E0,1.E0));
#4297=DIRECTION('',(1.E0,0.E0,0.E0));
#4298=AXIS2_PLACEMENT_3D('',#4295,#4296,#4297);
#4299=PLANE('',#4298);
#4301=ORIENTED_EDGE('',*,*,#4300,.F.);
#4303=ORIENTED_EDGE('',*,*,#4302,.F.);
#4304=EDGE_LOOP('',(#4301,#4303));
#4305=FACE_OUTER_BOUND('',#4304,.F.);
#4306=ORIENTED_EDGE('',*,*,#4261,.F.);
#4307=ORIENTED_EDGE('',*,*,#4282,.F.);
#4308=EDGE_LOOP('',(#4306,#4307));
#4309=FACE_BOUND('',#4308,.F.);
#4311=FILL_AREA_STYLE_COLOUR('',#23);
#4312=FILL_AREA_STYLE('',(#4311));
#4313=SURFACE_STYLE_FILL_AREA(#4312);
#4314=SURFACE_SIDE_STYLE('',(#4313));
#4315=SURFACE_STYLE_USAGE(.BOTH.,#4314);
#4316=PRESENTATION_STYLE_ASSIGNMENT((#4315));
#4317=STYLED_ITEM('',(#4316),#4310);
#4318=CARTESIAN_POINT('',(0.E0,0.E0,0.E0));
#4319=DIRECTION('',(0.E0,0.E0,1.E0));
#4320=DIRECTION('',(1.E0,0.E0,0.E0));
#4321=AXIS2_PLACEMENT_3D('',#4318,#4319,#4320);
#4322=CYLINDRICAL_SURFACE('',#4321,6.5E0);
#4323=ORIENTED_EDGE('',*,*,#4233,.F.);
#4325=ORIENTED_EDGE('',*,*,#4324,.T.);
#4326=ORIENTED_EDGE('',*,*,#4300,.T.);
#4328=ORIENTED_EDGE('',*,*,#4327,.F.);
#4329=EDGE_LOOP('',(#4323,#4325,#4326,#4328));
#4330=FACE_OUTER_BOUND('',#4329,.F.);
#4332=FILL_AREA_STYLE_COLOUR('',#23);
#4333=FILL_AREA_STYLE('',(#4332));
#4334=SURFACE_STYLE_FILL_AREA(#4333);
#4335=SURFACE_SIDE_STYLE('',(#4334));
#4336=SURFACE_STYLE_USAGE(.BOTH.,#4335);
#4337=PRESENTATION_STYLE_ASSIGNMENT((#4336));
#4338=STYLED_ITEM('',(#4337),#4331);
#4339=CARTESIAN_POINT('',(0.E0,0.E0,0.E0));
#4340=DIRECTION('',(0.E0,0.E0,1.E0));
#4341=DIRECTION('',(1.E0,0.E0,0.E0));
#4342=AXIS2_PLACEMENT_3D('',#4339,#4340,#4341);
#4343=CYLINDRICAL_SURFACE('',#4342,6.5E0);
#4344=ORIENTED_EDGE('',*,*,#4235,.F.);
#4345=ORIENTED_EDGE('',*,*,#4327,.T.);
#4346=ORIENTED_EDGE('',*,*,#4302,.T.);
#4347=ORIENTED_EDGE('',*,*,#4324,.F.);
#4348=EDGE_LOOP('',(#4344,#4345,#4346,#4347));
#4349=FACE_OUTER_BOUND('',#4348,.F.);
#4351=FILL_AREA_STYLE_COLOUR('',#23);
#4352=FILL_AREA_STYLE('',(#4351));
#4353=SURFACE_STYLE_FILL_AREA(#4352);
#4354=SURFACE_SIDE_STYLE('',(#4353));
#4355=SURFACE_STYLE_USAGE(.BOTH.,#4354);
#4356=PRESENTATION_STYLE_ASSIGNMENT((#4355));
#4357=STYLED_ITEM('',(#4356),#4350);
#4360=FILL_AREA_STYLE_COLOUR('',#23);
#4361=FILL_AREA_STYLE('',(#4360));
#4362=SURFACE_STYLE_FILL_AREA(#4361);
#4363=SURFACE_SIDE_STYLE('',(#4362));
#4364=SURFACE_STYLE_USAGE(.BOTH.,#4363);
#4365=PRESENTATION_STYLE_ASSIGNMENT((#4364));
#4119=STYLED_ITEM('',(#4365),#4359);
#4368=PLANE_ANGLE_MEASURE_WITH_UNIT(PLANE_ANGLE_MEASURE(1.745329251994E-2),
#4367);
#4369=(CONVERSION_BASED_UNIT('DEGREE',#4368)NAMED_UNIT(*)PLANE_ANGLE_UNIT());
#4371=UNCERTAINTY_MEASURE_WITH_UNIT(LENGTH_MEASURE(1.E-2),#4366,
'distance_accuracy_value',
'Maximum model space distance between geometric entities at asserted connectivities');
#4373=CARTESIAN_POINT('',(0.E0,0.E0,0.E0));
#4374=DIRECTION('',(0.E0,0.E0,1.E0));
#4375=DIRECTION('',(1.E0,0.E0,0.E0));
#4378=PRODUCT_CONTEXT('',#1976,'mechanical');
#4379=PRODUCT('NUT_8MM','NUT_8MM','NOT SPECIFIED',(#4378));
#4380=PRODUCT_DEFINITION_FORMATION('5','LAST_VERSION',#4379);
#4388=DERIVED_UNIT_ELEMENT(#4387,2.E0);
#4389=DERIVED_UNIT((#4388));
#4390=MEASURE_REPRESENTATION_ITEM('surface area measure',AREA_MEASURE(
6.927211801165E2),#4389);
#4395=DERIVED_UNIT_ELEMENT(#4394,3.E0);
#4396=DERIVED_UNIT((#4395));
#4397=MEASURE_REPRESENTATION_ITEM('volume measure',VOLUME_MEASURE(
6.597344572539E2),#4396);
#4401=CARTESIAN_POINT('centre point',(0.E0,0.E0,4.E0));
#4406=DERIVED_UNIT_ELEMENT(#4405,2.E0);
#4407=DERIVED_UNIT((#4406));
#4408=MEASURE_REPRESENTATION_ITEM('surface area measure',AREA_MEASURE(
6.927211801165E2),#4407);
#4413=DERIVED_UNIT_ELEMENT(#4412,3.E0);
#4414=DERIVED_UNIT((#4413));
#4415=MEASURE_REPRESENTATION_ITEM('volume measure',VOLUME_MEASURE(
6.597344572539E2),#4414);
#4419=CARTESIAN_POINT('centre point',(0.E0,0.E0,4.E0));
#4426=CARTESIAN_POINT('centre point',(1.175E2,-4.E0,-2.120967309885E-14));
#4430=CARTESIAN_POINT('',(1.175E2,-8.E0,-2.106391882210E-14));
#4431=DIRECTION('',(0.E0,1.E0,0.E0));
#4432=DIRECTION('',(1.E0,0.E0,0.E0));
#4433=AXIS2_PLACEMENT_3D('',#4430,#4431,#4432);
#4434=ITEM_DEFINED_TRANSFORMATION('','',#4376,#4433);
#4435=(REPRESENTATION_RELATIONSHIP('','',#4377,#2027)REPRESENTATION_RELATIONSHIP_WITH_TRANSFORMATION(#4434)SHAPE_REPRESENTATION_RELATIONSHIP());
#4436=CONTEXT_DEPENDENT_SHAPE_REPRESENTATION(#4435,#4425);
#4439=CARTESIAN_POINT('centre point',(1.017579849447E2,-4.E0,-5.875E1));
#4443=CARTESIAN_POINT('',(1.017579849447E2,-8.E0,-5.875E1));
#4444=DIRECTION('',(0.E0,1.E0,0.E0));
#4445=DIRECTION('',(1.E0,0.E0,0.E0));
#4446=AXIS2_PLACEMENT_3D('',#4443,#4444,#4445);
#4447=ITEM_DEFINED_TRANSFORMATION('','',#4376,#4446);
#4448=(REPRESENTATION_RELATIONSHIP('','',#4377,#2027)REPRESENTATION_RELATIONSHIP_WITH_TRANSFORMATION(#4447)SHAPE_REPRESENTATION_RELATIONSHIP());
#4449=CONTEXT_DEPENDENT_SHAPE_REPRESENTATION(#4448,#4438);
#4452=CARTESIAN_POINT('centre point',(5.875E1,-4.E0,-1.017579849447E2));
#4456=CARTESIAN_POINT('',(5.875E1,-8.E0,-1.017579849447E2));
#4457=DIRECTION('',(0.E0,1.E0,0.E0));
#4458=DIRECTION('',(1.E0,0.E0,0.E0));
#4459=AXIS2_PLACEMENT_3D('',#4456,#4457,#4458);
#4460=ITEM_DEFINED_TRANSFORMATION('','',#4376,#4459);
#4461=(REPRESENTATION_RELATIONSHIP('','',#4377,#2027)REPRESENTATION_RELATIONSHIP_WITH_TRANSFORMATION(#4460)SHAPE_REPRESENTATION_RELATIONSHIP());
#4462=CONTEXT_DEPENDENT_SHAPE_REPRESENTATION(#4461,#4451);
#4465=CARTESIAN_POINT('centre point',(-1.463619968986E-14,-4.E0,-1.175E2));
#4469=CARTESIAN_POINT('',(-1.445083222994E-14,-8.E0,-1.175E2));
#4470=DIRECTION('',(0.E0,1.E0,0.E0));
#4471=DIRECTION('',(1.E0,0.E0,0.E0));
#4472=AXIS2_PLACEMENT_3D('',#4469,#4470,#4471);
#4473=ITEM_DEFINED_TRANSFORMATION('','',#4376,#4472);
#4474=(REPRESENTATION_RELATIONSHIP('','',#4377,#2027)REPRESENTATION_RELATIONSHIP_WITH_TRANSFORMATION(#4473)SHAPE_REPRESENTATION_RELATIONSHIP());
#4475=CONTEXT_DEPENDENT_SHAPE_REPRESENTATION(#4474,#4464);
#4478=CARTESIAN_POINT('centre point',(-5.875E1,-4.E0,-1.017579849447E2));
#4482=CARTESIAN_POINT('',(-5.875E1,-8.E0,-1.017579849447E2));
#4483=DIRECTION('',(0.E0,1.E0,0.E0));
#4484=DIRECTION('',(1.E0,0.E0,0.E0));
#4485=AXIS2_PLACEMENT_3D('',#4482,#4483,#4484);
#4486=ITEM_DEFINED_TRANSFORMATION('','',#4376,#4485);
#4487=(REPRESENTATION_RELATIONSHIP('','',#4377,#2027)REPRESENTATION_RELATIONSHIP_WITH_TRANSFORMATION(#4486)SHAPE_REPRESENTATION_RELATIONSHIP());
#4488=CONTEXT_DEPENDENT_SHAPE_REPRESENTATION(#4487,#4477);
#4491=CARTESIAN_POINT('centre point',(-1.017579849447E2,-4.E0,-5.875E1));
#4495=CARTESIAN_POINT('',(-1.017579849447E2,-8.E0,-5.875E1));
#4496=DIRECTION('',(0.E0,1.E0,0.E0));
#4497=DIRECTION('',(1.E0,0.E0,0.E0));
#4498=AXIS2_PLACEMENT_3D('',#4495,#4496,#4497);
#4499=ITEM_DEFINED_TRANSFORMATION('','',#4376,#4498);
#4500=(REPRESENTATION_RELATIONSHIP('','',#4377,#2027)REPRESENTATION_RELATIONSHIP_WITH_TRANSFORMATION(#4499)SHAPE_REPRESENTATION_RELATIONSHIP());
#4501=CONTEXT_DEPENDENT_SHAPE_REPRESENTATION(#4500,#4490);
#4504=CARTESIAN_POINT('centre point',(-1.175E2,-4.E0,0.E0));
#4508=CARTESIAN_POINT('',(-1.175E2,-8.E0,0.E0));
#4509=DIRECTION('',(0.E0,1.E0,0.E0));
#4510=DIRECTION('',(1.E0,0.E0,0.E0));
#4511=AXIS2_PLACEMENT_3D('',#4508,#4509,#4510);
#4512=ITEM_DEFINED_TRANSFORMATION('','',#4376,#4511);
#4513=(REPRESENTATION_RELATIONSHIP('','',#4377,#2027)REPRESENTATION_RELATIONSHIP_WITH_TRANSFORMATION(#4512)SHAPE_REPRESENTATION_RELATIONSHIP());
#4514=CONTEXT_DEPENDENT_SHAPE_REPRESENTATION(#4513,#4503);
#4517=CARTESIAN_POINT('centre point',(-1.017579849447E2,-4.E0,5.875E1));
#4521=CARTESIAN_POINT('',(-1.017579849447E2,-8.E0,5.875E1));
#4522=DIRECTION('',(0.E0,1.E0,0.E0));
#4523=DIRECTION('',(1.E0,0.E0,0.E0));
#4524=AXIS2_PLACEMENT_3D('',#4521,#4522,#4523);
#4525=ITEM_DEFINED_TRANSFORMATION('','',#4376,#4524);
#4526=(REPRESENTATION_RELATIONSHIP('','',#4377,#2027)REPRESENTATION_RELATIONSHIP_WITH_TRANSFORMATION(#4525)SHAPE_REPRESENTATION_RELATIONSHIP());
#4527=CONTEXT_DEPENDENT_SHAPE_REPRESENTATION(#4526,#4516);
#4530=CARTESIAN_POINT('centre point',(-5.875E1,-4.E0,1.017579849447E2));
#4534=CARTESIAN_POINT('',(-5.875E1,-8.E0,1.017579849447E2));
#4535=DIRECTION('',(0.E0,1.E0,0.E0));
#4536=DIRECTION('',(1.E0,0.E0,0.E0));
#4537=AXIS2_PLACEMENT_3D('',#4534,#4535,#4536);
#4538=ITEM_DEFINED_TRANSFORMATION('','',#4376,#4537);
#4539=(REPRESENTATION_RELATIONSHIP('','',#4377,#2027)REPRESENTATION_RELATIONSHIP_WITH_TRANSFORMATION(#4538)SHAPE_REPRESENTATION_RELATIONSHIP());
#4540=CONTEXT_DEPENDENT_SHAPE_REPRESENTATION(#4539,#4529);
#4543=CARTESIAN_POINT('centre point',(0.E0,-4.E0,1.175E2));
#4547=CARTESIAN_POINT('',(0.E0,-8.E0,1.175E2));
#4548=DIRECTION('',(0.E0,1.E0,0.E0));
#4549=DIRECTION('',(1.E0,0.E0,0.E0));
#4550=AXIS2_PLACEMENT_3D('',#4547,#4548,#4549);
#4551=ITEM_DEFINED_TRANSFORMATION('','',#4376,#4550);
#4552=(REPRESENTATION_RELATIONSHIP('','',#4377,#2027)REPRESENTATION_RELATIONSHIP_WITH_TRANSFORMATION(#4551)SHAPE_REPRESENTATION_RELATIONSHIP());
#4553=CONTEXT_DEPENDENT_SHAPE_REPRESENTATION(#4552,#4542);
#4556=CARTESIAN_POINT('centre point',(5.875E1,-4.E0,1.017579849447E2));
#4560=CARTESIAN_POINT('',(5.875E1,-8.E0,1.017579849447E2));
#4561=DIRECTION('',(0.E0,1.E0,0.E0));
#4562=DIRECTION('',(1.E0,0.E0,0.E0));
#4563=AXIS2_PLACEMENT_3D('',#4560,#4561,#4562);
#4564=ITEM_DEFINED_TRANSFORMATION('','',#4376,#4563);
#4565=(REPRESENTATION_RELATIONSHIP('','',#4377,#2027)REPRESENTATION_RELATIONSHIP_WITH_TRANSFORMATION(#4564)SHAPE_REPRESENTATION_RELATIONSHIP());
#4566=CONTEXT_DEPENDENT_SHAPE_REPRESENTATION(#4565,#4555);
#4569=CARTESIAN_POINT('centre point',(1.017579849447E2,-4.E0,5.875E1));
#4573=CARTESIAN_POINT('',(1.017579849447E2,-8.E0,5.875E1));
#4574=DIRECTION('',(0.E0,1.E0,0.E0));
#4575=DIRECTION('',(1.E0,0.E0,0.E0));
#4576=AXIS2_PLACEMENT_3D('',#4573,#4574,#4575);
#4577=ITEM_DEFINED_TRANSFORMATION('','',#4376,#4576);
#4578=(REPRESENTATION_RELATIONSHIP('','',#4377,#2027)REPRESENTATION_RELATIONSHIP_WITH_TRANSFORMATION(#4577)SHAPE_REPRESENTATION_RELATIONSHIP());
#4579=CONTEXT_DEPENDENT_SHAPE_REPRESENTATION(#4578,#4568);
#4582=PLANE_ANGLE_MEASURE_WITH_UNIT(PLANE_ANGLE_MEASURE(1.745329251994E-2),
#4581);
#4583=(CONVERSION_BASED_UNIT('DEGREE',#4582)NAMED_UNIT(*)PLANE_ANGLE_UNIT());
#4585=UNCERTAINTY_MEASURE_WITH_UNIT(LENGTH_MEASURE(1.E-2),#4580,
'distance_accuracy_value',
'Maximum model space distance between geometric entities at asserted connectivities');
#4587=CARTESIAN_POINT('',(0.E0,0.E0,0.E0));
#4588=DIRECTION('',(0.E0,0.E0,1.E0));
#4589=DIRECTION('',(1.E0,0.E0,0.E0));
#4591=MECHANICAL_DESIGN_GEOMETRIC_PRESENTATION_REPRESENTATION('',(#52,#59,#67,
#74,#118,#162,#170,#178,#186,#194,#202,#210,#218,#226,#234,#242,#250,#258,#266,
#274,#282,#290,#298,#306,#314,#322,#330,#338,#346,#354,#362,#370,#378,#386,#394,
#402,#410,#417,#425,#432,#440,#448,#456,#464,#472,#480,#488,#496,#504,#512,#520,
#528,#536,#544,#552,#560,#568,#576,#584,#592,#600,#608,#616,#624,#632,#640,#648,
#656,#664,#672,#679,#687,#694,#702,#710,#718,#725,#732,#739,#746,#753,#760,#767,
#774,#781,#788,#795,#802,#809,#816,#823,#830,#837,#844,#851,#858,#865,#872,#879,
#886,#1039,#1060,#1083,#1100,#1122,#1142,#1237,#1259,#1279,#1374,#1396,#1416,
#1438,#1458,#1475,#1496,#1515,#1536,#1555,#1576,#1595,#1616,#1635,#1656,#1675,
#1696,#1715,#1736,#1755,#1776,#1795,#1816,#1835,#1856,#1875,#1896,#1915,#1936,
#1955,#43,#2049,#2057,#2065,#2073,#2081,#2089,#2097,#2105,#2113,#2121,#2129,
#2137,#2145,#2153,#2161,#2169,#2177,#2185,#2193,#2201,#2209,#2217,#2225,#2233,
#2241,#2249,#2257,#2265,#2272,#2279,#2287,#2295,#2303,#2311,#2319,#2327,#2335,
#2343,#2351,#2359,#2367,#2375,#2383,#2391,#2399,#2407,#2415,#2423,#2431,#2439,
#2447,#2455,#2463,#2471,#2479,#2487,#2495,#2503,#2510,#2517,#2524,#2531,#2538,
#2545,#2552,#2559,#2566,#2573,#2580,#2587,#2594,#2601,#2608,#2615,#2622,#2629,
#2636,#2643,#2650,#2657,#2664,#2671,#2678,#2685,#2894,#2916,#2936,#3031,#3052,
#3071,#3092,#3111,#3132,#3151,#3172,#3191,#3212,#3231,#3252,#3271,#3292,#3311,
#3332,#3351,#3372,#3391,#3412,#3431,#3452,#3471,#3492,#3511,#3532,#3551,#2041,
#3651,#3659,#3666,#3674,#3682,#3690,#3698,#3705,#3713,#3720,#3728,#3736,#3771,
#3793,#3813,#3836,#3858,#3878,#3895,#3644,#4127,#4135,#4143,#4151,#4158,#4165,
#4173,#4181,#4189,#4197,#4204,#4211,#4252,#4274,#4294,#4317,#4338,#4357,#4119),
#4586);
#4592=PRODUCT_DEFINITION_CONTEXT('part definition',#1976,'design');
#4593=PRODUCT_CONTEXT('',#1976,'mechanical');
#4594=PRODUCT('PIPEFLANGEASSY_ASM','PIPEFLANGEASSY_ASM','NOT SPECIFIED',
(#4593));
#4595=PRODUCT_DEFINITION_FORMATION('4','LAST_VERSION',#4594);
#4598=DERIVED_UNIT_ELEMENT(#4597,2.E0);
#4599=DERIVED_UNIT((#4598));
#4600=MEASURE_REPRESENTATION_ITEM('surface area measure',AREA_MEASURE(
7.842687864679E5),#4599);
#4605=DERIVED_UNIT_ELEMENT(#4604,3.E0);
#4606=DERIVED_UNIT((#4605));
#4607=MEASURE_REPRESENTATION_ITEM('volume measure',VOLUME_MEASURE(
1.615749167515E6),#4606);
#4611=CARTESIAN_POINT('centre point',(2.479433282661E-14,8.486933923250E0,
0.E0));
#4615=PRODUCT_RELATED_PRODUCT_CATEGORY('part','',(#4594,#1980,#3573,#3918,
#4379));
#1=DRAUGHTING_PRE_DEFINED_COLOUR('blue');
#2=COLOUR_RGB('',0.E0,2.6E-1,8.E-1);
#3=COLOUR_RGB('',0.E0,3.84E-1,1.E0);
#4=COLOUR_RGB('',0.E0,4.E-1,0.E0);
#5=COLOUR_RGB('',0.E0,6.E-1,1.E0);
#6=COLOUR_RGB('',0.E0,7.32E-1,1.E0);
#7=DRAUGHTING_PRE_DEFINED_COLOUR('green');
#8=COLOUR_RGB('',0.E0,1.E0,4.66E-1);
#9=COLOUR_RGB('',0.E0,1.E0,8.46E-1);
#10=DRAUGHTING_PRE_DEFINED_COLOUR('cyan');
#11=COLOUR_RGB('',6.4E-2,0.E0,8.E-2);
#12=COLOUR_RGB('',8.E-2,1.E-1,1.E-1);
#13=COLOUR_RGB('',2.E-1,2.E-1,2.E-1);
#14=COLOUR_RGB('',2.11E-1,9.82E-1,5.91E-1);
#15=COLOUR_RGB('',3.3E-1,0.E0,5.3E-1);
#16=COLOUR_RGB('',4.E-1,4.E-1,4.E-1);
#17=COLOUR_RGB('',4.E-1,4.E-1,1.E0);
#18=COLOUR_RGB('',4.7E-1,0.E0,0.E0);
#19=COLOUR_RGB('',5.3E-1,5.3E-1,1.E0);
#20=COLOUR_RGB('',6.35294E-1,6.86275E-1,7.4902E-1);
#21=COLOUR_RGB('',6.61E-1,6.61E-1,1.E0);
#22=COLOUR_RGB('',6.67E-1,0.E0,3.25E-1);
#23=COLOUR_RGB('',6.66667E-1,6.66667E-1,6.66667E-1);
#24=COLOUR_RGB('',6.67E-1,1.E0,0.E0);
#25=COLOUR_RGB('',6.67E-1,1.E0,8.5E-1);
#26=COLOUR_RGB('',6.67E-1,1.E0,1.E0);
#27=COLOUR_RGB('',7.3E-1,4.7E-1,3.3E-1);
#28=COLOUR_RGB('',8.41E-1,1.E0,6.61E-1);
#29=DRAUGHTING_PRE_DEFINED_COLOUR('red');
#30=DRAUGHTING_PRE_DEFINED_COLOUR('magenta');
#31=COLOUR_RGB('',1.E0,1.94E-1,2.16E-1);
#32=COLOUR_RGB('',1.E0,2.7E-1,0.E0);
#33=COLOUR_RGB('',1.E0,4.E-1,1.E0);
#34=COLOUR_RGB('',1.E0,4.7E-1,0.E0);
#35=COLOUR_RGB('',1.E0,6.61E-1,0.E0);
#36=COLOUR_RGB('',1.E0,6.61E-1,1.E0);
#37=COLOUR_RGB('',1.E0,6.7E-1,6.7E-1);
#38=COLOUR_RGB('',1.E0,8.41E-1,0.E0);
#39=COLOUR_RGB('',1.E0,9.71E-1,2.16E-1);
#40=DRAUGHTING_PRE_DEFINED_COLOUR('yellow');
#41=COLOUR_RGB('',1.E0,1.E0,6.67E-1);
#42=DRAUGHTING_PRE_DEFINED_COLOUR('white');
#48=CIRCLE('',#47,1.04E2);
#64=CIRCLE('',#63,1.04E2);
#115=B_SPLINE_CURVE_WITH_KNOTS('',3,(#75,#76,#77,#78,#79,#80,#81,#82,#83,#84,
#85,#86,#87,#88,#89,#90,#91,#92,#93,#94,#95,#96,#97,#98,#99,#100,#101,#102,#103,
#104,#105,#106,#107,#108,#109,#110,#111,#112,#113,#114),.UNSPECIFIED.,.F.,.F.,
(4,1,1,1,1,1,1,1,1,1,1,1,1,1,1,1,1,1,1,1,1,1,1,1,1,1,1,1,1,1,1,1,1,1,1,1,1,4),(
0.E0,2.702702702703E-2,5.405405405405E-2,8.108108108108E-2,1.081081081081E-1,
1.351351351351E-1,1.621621621622E-1,1.891891891892E-1,2.162162162162E-1,
2.432432432432E-1,2.702702702703E-1,2.972972972973E-1,3.243243243243E-1,
3.513513513514E-1,3.783783783784E-1,4.054054054054E-1,4.324324324324E-1,
4.594594594595E-1,4.864864864865E-1,5.135135135135E-1,5.405405405405E-1,
5.675675675676E-1,5.945945945946E-1,6.216216216216E-1,6.486486486486E-1,
6.756756756757E-1,7.027027027027E-1,7.297297297297E-1,7.567567567568E-1,
7.837837837838E-1,8.108108108108E-1,8.378378378378E-1,8.648648648649E-1,
8.918918918919E-1,9.189189189189E-1,9.459459459459E-1,9.729729729730E-1,1.E0),
.UNSPECIFIED.);
#159=B_SPLINE_CURVE_WITH_KNOTS('',3,(#119,#120,#121,#122,#123,#124,#125,#126,
#127,#128,#129,#130,#131,#132,#133,#134,#135,#136,#137,#138,#139,#140,#141,#142,
#143,#144,#145,#146,#147,#148,#149,#150,#151,#152,#153,#154,#155,#156,#157,
#158),.UNSPECIFIED.,.F.,.F.,(4,1,1,1,1,1,1,1,1,1,1,1,1,1,1,1,1,1,1,1,1,1,1,1,1,
1,1,1,1,1,1,1,1,1,1,1,1,4),(0.E0,2.702702702703E-2,5.405405405405E-2,
8.108108108108E-2,1.081081081081E-1,1.351351351351E-1,1.621621621622E-1,
1.891891891892E-1,2.162162162162E-1,2.432432432432E-1,2.702702702703E-1,
2.972972972973E-1,3.243243243243E-1,3.513513513514E-1,3.783783783784E-1,
4.054054054054E-1,4.324324324324E-1,4.594594594595E-1,4.864864864865E-1,
5.135135135135E-1,5.405405405405E-1,5.675675675676E-1,5.945945945946E-1,
6.216216216216E-1,6.486486486486E-1,6.756756756757E-1,7.027027027027E-1,
7.297297297297E-1,7.567567567568E-1,7.837837837838E-1,8.108108108108E-1,
8.378378378378E-1,8.648648648649E-1,8.918918918919E-1,9.189189189189E-1,
9.459459459459E-1,9.729729729730E-1,1.E0),.UNSPECIFIED.);
#167=CIRCLE('',#166,4.E0);
#175=CIRCLE('',#174,1.04E2);
#183=CIRCLE('',#182,4.E0);
#191=CIRCLE('',#190,1.04E2);
#199=CIRCLE('',#198,1.08E2);
#207=CIRCLE('',#206,1.08E2);
#215=CIRCLE('',#214,4.25E0);
#223=CIRCLE('',#222,4.25E0);
#231=CIRCLE('',#230,4.25E0);
#239=CIRCLE('',#238,4.25E0);
#247=CIRCLE('',#246,4.25E0);
#255=CIRCLE('',#254,4.25E0);
#263=CIRCLE('',#262,4.25E0);
#271=CIRCLE('',#270,4.25E0);
#279=CIRCLE('',#278,4.25E0);
#287=CIRCLE('',#286,4.25E0);
#295=CIRCLE('',#294,4.25E0);
#303=CIRCLE('',#302,4.25E0);
#311=CIRCLE('',#310,4.25E0);
#319=CIRCLE('',#318,4.25E0);
#327=CIRCLE('',#326,4.25E0);
#335=CIRCLE('',#334,4.25E0);
#343=CIRCLE('',#342,4.25E0);
#351=CIRCLE('',#350,4.25E0);
#359=CIRCLE('',#358,4.25E0);
#367=CIRCLE('',#366,4.25E0);
#375=CIRCLE('',#374,4.25E0);
#383=CIRCLE('',#382,4.25E0);
#391=CIRCLE('',#390,4.25E0);
#399=CIRCLE('',#398,4.25E0);
#407=CIRCLE('',#406,1.3E2);
#422=CIRCLE('',#421,1.3E2);
#437=CIRCLE('',#436,1.3E2);
#445=CIRCLE('',#444,1.3E2);
#453=CIRCLE('',#452,4.25E0);
#461=CIRCLE('',#460,4.25E0);
#469=CIRCLE('',#468,4.25E0);
#477=CIRCLE('',#476,4.25E0);
#485=CIRCLE('',#484,4.25E0);
#493=CIRCLE('',#492,4.25E0);
#501=CIRCLE('',#500,4.25E0);
#509=CIRCLE('',#508,4.25E0);
#517=CIRCLE('',#516,4.25E0);
#525=CIRCLE('',#524,4.25E0);
#533=CIRCLE('',#532,4.25E0);
#541=CIRCLE('',#540,4.25E0);
#549=CIRCLE('',#548,4.25E0);
#557=CIRCLE('',#556,4.25E0);
#565=CIRCLE('',#564,4.25E0);
#573=CIRCLE('',#572,4.25E0);
#581=CIRCLE('',#580,4.25E0);
#589=CIRCLE('',#588,4.25E0);
#597=CIRCLE('',#596,4.25E0);
#605=CIRCLE('',#604,4.25E0);
#613=CIRCLE('',#612,4.25E0);
#621=CIRCLE('',#620,4.25E0);
#629=CIRCLE('',#628,4.25E0);
#637=CIRCLE('',#636,4.25E0);
#645=CIRCLE('',#644,1.08E2);
#653=CIRCLE('',#652,8.E0);
#661=CIRCLE('',#660,1.08E2);
#669=CIRCLE('',#668,8.E0);
#684=CIRCLE('',#683,1.E2);
#699=CIRCLE('',#698,1.E2);
#707=CIRCLE('',#706,1.E2);
#715=CIRCLE('',#714,1.E2);
#1022=EDGE_CURVE('',#889,#890,#56,.T.);
#1024=EDGE_CURVE('',#890,#902,#191,.T.);
#1026=EDGE_CURVE('',#901,#902,#71,.T.);
#1028=EDGE_CURVE('',#889,#901,#48,.T.);
#1032=ADVANCED_FACE('',(#1031),#1021,.T.);
#1046=EDGE_CURVE('',#889,#901,#64,.T.);
#1049=EDGE_CURVE('',#890,#902,#175,.T.);
#1053=ADVANCED_FACE('',(#1052),#1044,.T.);
#1070=EDGE_CURVE('',#1015,#1016,#115,.T.);
#1072=EDGE_CURVE('',#1015,#1016,#159,.T.);
#1076=ADVANCED_FACE('',(#1069,#1075),#1065,.F.);
#1093=ADVANCED_FACE('',(#1092),#1088,.F.);
#1106=EDGE_CURVE('',#890,#1008,#167,.T.);
#1109=EDGE_CURVE('',#902,#1012,#183,.T.);
#1111=EDGE_CURVE('',#1008,#1012,#199,.T.);
#1115=ADVANCED_FACE('',(#1114),#1105,.F.);
#1129=EDGE_CURVE('',#1008,#1012,#207,.T.);
#1135=ADVANCED_FACE('',(#1134),#1127,.F.);
#1148=EDGE_CURVE('',#893,#905,#407,.T.);
#1150=EDGE_CURVE('',#893,#905,#422,.T.);
#1158=EDGE_CURVE('',#913,#914,#215,.T.);
#1160=EDGE_CURVE('',#914,#913,#223,.T.);
#1164=EDGE_CURVE('',#921,#922,#231,.T.);
#1166=EDGE_CURVE('',#922,#921,#239,.T.);
#1170=EDGE_CURVE('',#929,#930,#247,.T.);
#1172=EDGE_CURVE('',#930,#929,#255,.T.);
#1176=EDGE_CURVE('',#937,#938,#263,.T.);
#1178=EDGE_CURVE('',#938,#937,#271,.T.);
#1182=EDGE_CURVE('',#945,#946,#279,.T.);
#1184=EDGE_CURVE('',#946,#945,#287,.T.);
#1188=EDGE_CURVE('',#953,#954,#295,.T.);
#1190=EDGE_CURVE('',#954,#953,#303,.T.);
#1194=EDGE_CURVE('',#961,#962,#311,.T.);
#1196=EDGE_CURVE('',#962,#961,#319,.T.);
#1200=EDGE_CURVE('',#969,#970,#327,.T.);
#1202=EDGE_CURVE('',#970,#969,#335,.T.);
#1206=EDGE_CURVE('',#977,#978,#343,.T.);
#1208=EDGE_CURVE('',#978,#977,#351,.T.);
#1212=EDGE_CURVE('',#985,#986,#359,.T.);
#1214=EDGE_CURVE('',#986,#985,#367,.T.);
#1218=EDGE_CURVE('',#993,#994,#375,.T.);
#1220=EDGE_CURVE('',#994,#993,#383,.T.);
#1224=EDGE_CURVE('',#1001,#1002,#391,.T.);
#1226=EDGE_CURVE('',#1002,#1001,#399,.T.);
#1230=ADVANCED_FACE('',(#1153,#1157,#1163,#1169,#1175,#1181,#1187,#1193,#1199,
#1205,#1211,#1217,#1223,#1229),#1147,.F.);
#1243=EDGE_CURVE('',#893,#894,#414,.T.);
#1245=EDGE_CURVE('',#894,#906,#445,.T.);
#1247=EDGE_CURVE('',#905,#906,#429,.T.);
#1252=ADVANCED_FACE('',(#1251),#1242,.T.);
#1268=EDGE_CURVE('',#894,#906,#437,.T.);
#1272=ADVANCED_FACE('',(#1271),#1264,.T.);
#1289=EDGE_CURVE('',#1010,#1014,#645,.T.);
#1291=EDGE_CURVE('',#1010,#1014,#661,.T.);
#1295=EDGE_CURVE('',#917,#918,#453,.T.);
#1297=EDGE_CURVE('',#918,#917,#461,.T.);
#1301=EDGE_CURVE('',#925,#926,#469,.T.);
#1303=EDGE_CURVE('',#926,#925,#477,.T.);
#1307=EDGE_CURVE('',#933,#934,#485,.T.);
#1309=EDGE_CURVE('',#934,#933,#493,.T.);
#1313=EDGE_CURVE('',#941,#942,#501,.T.);
#1315=EDGE_CURVE('',#942,#941,#509,.T.);
#1319=EDGE_CURVE('',#949,#950,#517,.T.);
#1321=EDGE_CURVE('',#950,#949,#525,.T.);
#1325=EDGE_CURVE('',#957,#958,#533,.T.);
#1327=EDGE_CURVE('',#958,#957,#541,.T.);
#1331=EDGE_CURVE('',#965,#966,#549,.T.);
#1333=EDGE_CURVE('',#966,#965,#557,.T.);
#1337=EDGE_CURVE('',#973,#974,#565,.T.);
#1339=EDGE_CURVE('',#974,#973,#573,.T.);
#1343=EDGE_CURVE('',#981,#982,#581,.T.);
#1345=EDGE_CURVE('',#982,#981,#589,.T.);
#1349=EDGE_CURVE('',#989,#990,#597,.T.);
#1351=EDGE_CURVE('',#990,#989,#605,.T.);
#1355=EDGE_CURVE('',#997,#998,#613,.T.);
#1357=EDGE_CURVE('',#998,#997,#621,.T.);
#1361=EDGE_CURVE('',#1005,#1006,#629,.T.);
#1363=EDGE_CURVE('',#1006,#1005,#637,.T.);
#1367=ADVANCED_FACE('',(#1288,#1294,#1300,#1306,#1312,#1318,#1324,#1330,#1336,
#1342,#1348,#1354,#1360,#1366),#1284,.T.);
#1380=EDGE_CURVE('',#1010,#897,#653,.T.);
#1382=EDGE_CURVE('',#897,#909,#699,.T.);
#1384=EDGE_CURVE('',#1014,#909,#669,.T.);
#1389=ADVANCED_FACE('',(#1388),#1379,.T.);
#1405=EDGE_CURVE('',#897,#909,#684,.T.);
#1409=ADVANCED_FACE('',(#1408),#1401,.T.);
#1422=EDGE_CURVE('',#897,#898,#676,.T.);
#1425=EDGE_CURVE('',#909,#910,#691,.T.);
#1427=EDGE_CURVE('',#898,#910,#707,.T.);
#1431=ADVANCED_FACE('',(#1430),#1421,.F.);
#1445=EDGE_CURVE('',#898,#910,#715,.T.);
#1451=ADVANCED_FACE('',(#1450),#1443,.F.);
#1468=ADVANCED_FACE('',(#1467),#1463,.T.);
#1482=EDGE_CURVE('',#913,#917,#722,.T.);
#1485=EDGE_CURVE('',#914,#918,#729,.T.);
#1489=ADVANCED_FACE('',(#1488),#1480,.F.);
#1508=ADVANCED_FACE('',(#1507),#1501,.F.);
#1522=EDGE_CURVE('',#921,#925,#736,.T.);
#1525=EDGE_CURVE('',#922,#926,#743,.T.);
#1529=ADVANCED_FACE('',(#1528),#1520,.F.);
#1548=ADVANCED_FACE('',(#1547),#1541,.F.);
#1562=EDGE_CURVE('',#929,#933,#750,.T.);
#1565=EDGE_CURVE('',#930,#934,#757,.T.);
#1569=ADVANCED_FACE('',(#1568),#1560,.F.);
#1588=ADVANCED_FACE('',(#1587),#1581,.F.);
#1602=EDGE_CURVE('',#937,#941,#764,.T.);
#1605=EDGE_CURVE('',#938,#942,#771,.T.);
#1609=ADVANCED_FACE('',(#1608),#1600,.F.);
#1628=ADVANCED_FACE('',(#1627),#1621,.F.);
#1642=EDGE_CURVE('',#945,#949,#778,.T.);
#1645=EDGE_CURVE('',#946,#950,#785,.T.);
#1649=ADVANCED_FACE('',(#1648),#1640,.F.);
#1668=ADVANCED_FACE('',(#1667),#1661,.F.);
#1682=EDGE_CURVE('',#953,#957,#792,.T.);
#1685=EDGE_CURVE('',#954,#958,#799,.T.);
#1689=ADVANCED_FACE('',(#1688),#1680,.F.);
#1708=ADVANCED_FACE('',(#1707),#1701,.F.);
#1722=EDGE_CURVE('',#961,#965,#806,.T.);
#1725=EDGE_CURVE('',#962,#966,#813,.T.);
#1729=ADVANCED_FACE('',(#1728),#1720,.F.);
#1748=ADVANCED_FACE('',(#1747),#1741,.F.);
#1762=EDGE_CURVE('',#969,#973,#820,.T.);
#1765=EDGE_CURVE('',#970,#974,#827,.T.);
#1769=ADVANCED_FACE('',(#1768),#1760,.F.);
#1788=ADVANCED_FACE('',(#1787),#1781,.F.);
#1802=EDGE_CURVE('',#977,#981,#834,.T.);
#1805=EDGE_CURVE('',#978,#982,#841,.T.);
#1809=ADVANCED_FACE('',(#1808),#1800,.F.);
#1828=ADVANCED_FACE('',(#1827),#1821,.F.);
#1842=EDGE_CURVE('',#985,#989,#848,.T.);
#1845=EDGE_CURVE('',#986,#990,#855,.T.);
#1849=ADVANCED_FACE('',(#1848),#1840,.F.);
#1868=ADVANCED_FACE('',(#1867),#1861,.F.);
#1882=EDGE_CURVE('',#993,#997,#862,.T.);
#1885=EDGE_CURVE('',#994,#998,#869,.T.);
#1889=ADVANCED_FACE('',(#1888),#1880,.F.);
#1908=ADVANCED_FACE('',(#1907),#1901,.F.);
#1922=EDGE_CURVE('',#1001,#1005,#876,.T.);
#1925=EDGE_CURVE('',#1002,#1006,#883,.T.);
#1929=ADVANCED_FACE('',(#1928),#1920,.F.);
#1948=ADVANCED_FACE('',(#1947),#1941,.F.);
#1956=CLOSED_SHELL('',(#1032,#1053,#1076,#1093,#1115,#1135,#1230,#1252,#1272,
#1367,#1389,#1409,#1431,#1451,#1468,#1489,#1508,#1529,#1548,#1569,#1588,#1609,
#1628,#1649,#1668,#1689,#1708,#1729,#1748,#1769,#1788,#1809,#1828,#1849,#1868,
#1889,#1908,#1929,#1948));
#1957=MANIFOLD_SOLID_BREP('',#1956);
#1964=(LENGTH_UNIT()NAMED_UNIT(*)SI_UNIT(.MILLI.,.METRE.));
#1965=(NAMED_UNIT(*)PLANE_ANGLE_UNIT()SI_UNIT($,.RADIAN.));
#1968=(NAMED_UNIT(*)SI_UNIT($,.STERADIAN.)SOLID_ANGLE_UNIT());
#1970=(GEOMETRIC_REPRESENTATION_CONTEXT(3)GLOBAL_UNCERTAINTY_ASSIGNED_CONTEXT((
#1969))GLOBAL_UNIT_ASSIGNED_CONTEXT((#1964,#1967,#1968))REPRESENTATION_CONTEXT(
'ID1','3'));
#1974=AXIS2_PLACEMENT_3D('',#1971,#1972,#1973);
#1975=ADVANCED_BREP_SHAPE_REPRESENTATION('',(#1974,#1957),#1970);
#1982=PRODUCT_DEFINITION('part definition','',#1981,#1978);
#1983=PRODUCT_DEFINITION_SHAPE('','SHAPE FOR FALNGE_1.',#1982);
#1984=SHAPE_ASPECT('','solid data associated with FALNGE_1',#1983,.F.);
#1985=PROPERTY_DEFINITION('',
'shape for solid data with which properties are associated',#1984);
#1986=SHAPE_REPRESENTATION('',(#1957),#1970);
#1987=SHAPE_DEFINITION_REPRESENTATION(#1985,#1986);
#1988=(LENGTH_UNIT()NAMED_UNIT(*)SI_UNIT(.MILLI.,.METRE.));
#1992=PROPERTY_DEFINITION('geometric validation property','area of FALNGE_1',
#1984);
#1993=REPRESENTATION('surface area',(#1991),#1970);
#1994=PROPERTY_DEFINITION_REPRESENTATION(#1992,#1993);
#1995=(LENGTH_UNIT()NAMED_UNIT(*)SI_UNIT(.MILLI.,.METRE.));
#1999=PROPERTY_DEFINITION('geometric validation property','volume of FALNGE_1',
#1984);
#2000=REPRESENTATION('volume',(#1998),#1970);
#2001=PROPERTY_DEFINITION_REPRESENTATION(#1999,#2000);
#2003=PROPERTY_DEFINITION('geometric validation property',
'centroid of FALNGE_1',#1984);
#2004=REPRESENTATION('centroid',(#2002),#1970);
#2005=PROPERTY_DEFINITION_REPRESENTATION(#2003,#2004);
#2006=(LENGTH_UNIT()NAMED_UNIT(*)SI_UNIT(.MILLI.,.METRE.));
#2010=PROPERTY_DEFINITION('geometric validation property','area of FALNGE_1',
#1983);
#2011=REPRESENTATION('surface area',(#2009),#1970);
#2012=PROPERTY_DEFINITION_REPRESENTATION(#2010,#2011);
#2013=(LENGTH_UNIT()NAMED_UNIT(*)SI_UNIT(.MILLI.,.METRE.));
#2017=PROPERTY_DEFINITION('geometric validation property','volume of FALNGE_1',
#1983);
#2018=REPRESENTATION('volume',(#2016),#1970);
#2019=PROPERTY_DEFINITION_REPRESENTATION(#2017,#2018);
#2021=PROPERTY_DEFINITION('geometric validation property',
'centroid of FALNGE_1',#1983);
#2022=REPRESENTATION('centroid',(#2020),#1970);
#2023=PROPERTY_DEFINITION_REPRESENTATION(#2021,#2022);
#2024=SHAPE_DEFINITION_REPRESENTATION(#1983,#1975);
#2025=SHAPE_DEFINITION_REPRESENTATION(#2026,#2027);
#2026=PRODUCT_DEFINITION_SHAPE('','SHAPE FOR PIPEFLANGEASSY_ASM.',#4596);
#2027=SHAPE_REPRESENTATION('',(#2037,#3627,#3640,#3972,#3985,#3998,#4011,#4024,
#4037,#4050,#4063,#4076,#4089,#4102,#4115,#4433,#4446,#4459,#4472,#4485,#4498,
#4511,#4524,#4537,#4550,#4563,#4576,#4590),#4586);
#2028=NEXT_ASSEMBLY_USAGE_OCCURRENCE('0','Next assembly relationship',
'FALNGE_1',#4596,#1982,$);
#2029=PRODUCT_DEFINITION_SHAPE('Placement #0',
'Placement of FALNGE_1 with respect to PIPEFLANGEASSY_ASM',#2028);
#2031=PROPERTY_DEFINITION('geometric validation property',
'centroid of FALNGE_1',#2029);
#2032=REPRESENTATION('centroid',(#2030),#1970);
#2033=PROPERTY_DEFINITION_REPRESENTATION(#2031,#2032);
#2046=CIRCLE('',#2045,1.E2);
#2054=CIRCLE('',#2053,1.E2);
#2062=CIRCLE('',#2061,1.29E2);
#2070=CIRCLE('',#2069,1.29E2);
#2078=CIRCLE('',#2077,4.25E0);
#2086=CIRCLE('',#2085,4.25E0);
#2094=CIRCLE('',#2093,4.25E0);
#2102=CIRCLE('',#2101,4.25E0);
#2110=CIRCLE('',#2109,4.25E0);
#2118=CIRCLE('',#2117,4.25E0);
#2126=CIRCLE('',#2125,4.25E0);
#2134=CIRCLE('',#2133,4.25E0);
#2142=CIRCLE('',#2141,4.25E0);
#2150=CIRCLE('',#2149,4.25E0);
#2158=CIRCLE('',#2157,4.25E0);
#2166=CIRCLE('',#2165,4.25E0);
#2174=CIRCLE('',#2173,4.25E0);
#2182=CIRCLE('',#2181,4.25E0);
#2190=CIRCLE('',#2189,4.25E0);
#2198=CIRCLE('',#2197,4.25E0);
#2206=CIRCLE('',#2205,4.25E0);
#2214=CIRCLE('',#2213,4.25E0);
#2222=CIRCLE('',#2221,4.25E0);
#2230=CIRCLE('',#2229,4.25E0);
#2238=CIRCLE('',#2237,4.25E0);
#2246=CIRCLE('',#2245,4.25E0);
#2254=CIRCLE('',#2253,4.25E0);
#2262=CIRCLE('',#2261,4.25E0);
#2284=CIRCLE('',#2283,1.E2);
#2292=CIRCLE('',#2291,1.E2);
#2300=CIRCLE('',#2299,1.29E2);
#2308=CIRCLE('',#2307,1.29E2);
#2316=CIRCLE('',#2315,4.25E0);
#2324=CIRCLE('',#2323,4.25E0);
#2332=CIRCLE('',#2331,4.25E0);
#2340=CIRCLE('',#2339,4.25E0);
#2348=CIRCLE('',#2347,4.25E0);
#2356=CIRCLE('',#2355,4.25E0);
#2364=CIRCLE('',#2363,4.25E0);
#2372=CIRCLE('',#2371,4.25E0);
#2380=CIRCLE('',#2379,4.25E0);
#2388=CIRCLE('',#2387,4.25E0);
#2396=CIRCLE('',#2395,4.25E0);
#2404=CIRCLE('',#2403,4.25E0);
#2412=CIRCLE('',#2411,4.25E0);
#2420=CIRCLE('',#2419,4.25E0);
#2428=CIRCLE('',#2427,4.25E0);
#2436=CIRCLE('',#2435,4.25E0);
#2444=CIRCLE('',#2443,4.25E0);
#2452=CIRCLE('',#2451,4.25E0);
#2460=CIRCLE('',#2459,4.25E0);
#2468=CIRCLE('',#2467,4.25E0);
#2476=CIRCLE('',#2475,4.25E0);
#2484=CIRCLE('',#2483,4.25E0);
#2492=CIRCLE('',#2491,4.25E0);
#2500=CIRCLE('',#2499,4.25E0);
#2803=EDGE_CURVE('',#2692,#2693,#2062,.T.);
#2805=EDGE_CURVE('',#2693,#2692,#2070,.T.);
#2809=EDGE_CURVE('',#2688,#2689,#2046,.T.);
#2811=EDGE_CURVE('',#2689,#2688,#2054,.T.);
#2815=EDGE_CURVE('',#2704,#2705,#2078,.T.);
#2817=EDGE_CURVE('',#2705,#2704,#2086,.T.);
#2821=EDGE_CURVE('',#2712,#2713,#2094,.T.);
#2823=EDGE_CURVE('',#2713,#2712,#2102,.T.);
#2827=EDGE_CURVE('',#2720,#2721,#2110,.T.);
#2829=EDGE_CURVE('',#2721,#2720,#2118,.T.);
#2833=EDGE_CURVE('',#2728,#2729,#2126,.T.);
#2835=EDGE_CURVE('',#2729,#2728,#2134,.T.);
#2839=EDGE_CURVE('',#2736,#2737,#2142,.T.);
#2841=EDGE_CURVE('',#2737,#2736,#2150,.T.);
#2845=EDGE_CURVE('',#2744,#2745,#2158,.T.);
#2847=EDGE_CURVE('',#2745,#2744,#2166,.T.);
#2851=EDGE_CURVE('',#2752,#2753,#2174,.T.);
#2853=EDGE_CURVE('',#2753,#2752,#2182,.T.);
#2857=EDGE_CURVE('',#2760,#2761,#2190,.T.);
#2859=EDGE_CURVE('',#2761,#2760,#2198,.T.);
#2863=EDGE_CURVE('',#2768,#2769,#2206,.T.);
#2865=EDGE_CURVE('',#2769,#2768,#2214,.T.);
#2869=EDGE_CURVE('',#2776,#2777,#2222,.T.);
#2871=EDGE_CURVE('',#2777,#2776,#2230,.T.);
#2875=EDGE_CURVE('',#2784,#2785,#2238,.T.);
#2877=EDGE_CURVE('',#2785,#2784,#2246,.T.);
#2881=EDGE_CURVE('',#2792,#2793,#2254,.T.);
#2883=EDGE_CURVE('',#2793,#2792,#2262,.T.);
#2887=ADVANCED_FACE('',(#2808,#2814,#2820,#2826,#2832,#2838,#2844,#2850,#2856,
#2862,#2868,#2874,#2880,#2886),#2802,.F.);
#2901=EDGE_CURVE('',#2688,#2696,#2269,.T.);
#2903=EDGE_CURVE('',#2696,#2697,#2284,.T.);
#2905=EDGE_CURVE('',#2689,#2697,#2276,.T.);
#2909=ADVANCED_FACE('',(#2908),#2899,.F.);
#2924=EDGE_CURVE('',#2697,#2696,#2292,.T.);
#2929=ADVANCED_FACE('',(#2928),#2921,.F.);
#2942=EDGE_CURVE('',#2700,#2701,#2300,.T.);
#2944=EDGE_CURVE('',#2701,#2700,#2308,.T.);
#2952=EDGE_CURVE('',#2708,#2709,#2316,.T.);
#2954=EDGE_CURVE('',#2709,#2708,#2324,.T.);
#2958=EDGE_CURVE('',#2716,#2717,#2332,.T.);
#2960=EDGE_CURVE('',#2717,#2716,#2340,.T.);
#2964=EDGE_CURVE('',#2724,#2725,#2348,.T.);
#2966=EDGE_CURVE('',#2725,#2724,#2356,.T.);
#2970=EDGE_CURVE('',#2732,#2733,#2364,.T.);
#2972=EDGE_CURVE('',#2733,#2732,#2372,.T.);
#2976=EDGE_CURVE('',#2740,#2741,#2380,.T.);
#2978=EDGE_CURVE('',#2741,#2740,#2388,.T.);
#2982=EDGE_CURVE('',#2748,#2749,#2396,.T.);
#2984=EDGE_CURVE('',#2749,#2748,#2404,.T.);
#2988=EDGE_CURVE('',#2756,#2757,#2412,.T.);
#2990=EDGE_CURVE('',#2757,#2756,#2420,.T.);
#2994=EDGE_CURVE('',#2764,#2765,#2428,.T.);
#2996=EDGE_CURVE('',#2765,#2764,#2436,.T.);
#3000=EDGE_CURVE('',#2772,#2773,#2444,.T.);
#3002=EDGE_CURVE('',#2773,#2772,#2452,.T.);
#3006=EDGE_CURVE('',#2780,#2781,#2460,.T.);
#3008=EDGE_CURVE('',#2781,#2780,#2468,.T.);
#3012=EDGE_CURVE('',#2788,#2789,#2476,.T.);
#3014=EDGE_CURVE('',#2789,#2788,#2484,.T.);
#3018=EDGE_CURVE('',#2796,#2797,#2492,.T.);
#3020=EDGE_CURVE('',#2797,#2796,#2500,.T.);
#3024=ADVANCED_FACE('',(#2947,#2951,#2957,#2963,#2969,#2975,#2981,#2987,#2993,
#2999,#3005,#3011,#3017,#3023),#2941,.T.);
#3038=EDGE_CURVE('',#2692,#2700,#2507,.T.);
#3041=EDGE_CURVE('',#2693,#2701,#2514,.T.);
#3045=ADVANCED_FACE('',(#3044),#3036,.T.);
#3064=ADVANCED_FACE('',(#3063),#3057,.T.);
#3078=EDGE_CURVE('',#2705,#2709,#2528,.T.);
#3081=EDGE_CURVE('',#2704,#2708,#2521,.T.);
#3085=ADVANCED_FACE('',(#3084),#3076,.F.);
#3104=ADVANCED_FACE('',(#3103),#3097,.F.);
#3118=EDGE_CURVE('',#2713,#2717,#2542,.T.);
#3121=EDGE_CURVE('',#2712,#2716,#2535,.T.);
#3125=ADVANCED_FACE('',(#3124),#3116,.F.);
#3144=ADVANCED_FACE('',(#3143),#3137,.F.);
#3158=EDGE_CURVE('',#2721,#2725,#2556,.T.);
#3161=EDGE_CURVE('',#2720,#2724,#2549,.T.);
#3165=ADVANCED_FACE('',(#3164),#3156,.F.);
#3184=ADVANCED_FACE('',(#3183),#3177,.F.);
#3198=EDGE_CURVE('',#2729,#2733,#2570,.T.);
#3201=EDGE_CURVE('',#2728,#2732,#2563,.T.);
#3205=ADVANCED_FACE('',(#3204),#3196,.F.);
#3224=ADVANCED_FACE('',(#3223),#3217,.F.);
#3238=EDGE_CURVE('',#2737,#2741,#2584,.T.);
#3241=EDGE_CURVE('',#2736,#2740,#2577,.T.);
#3245=ADVANCED_FACE('',(#3244),#3236,.F.);
#3264=ADVANCED_FACE('',(#3263),#3257,.F.);
#3278=EDGE_CURVE('',#2745,#2749,#2598,.T.);
#3281=EDGE_CURVE('',#2744,#2748,#2591,.T.);
#3285=ADVANCED_FACE('',(#3284),#3276,.F.);
#3304=ADVANCED_FACE('',(#3303),#3297,.F.);
#3318=EDGE_CURVE('',#2753,#2757,#2612,.T.);
#3321=EDGE_CURVE('',#2752,#2756,#2605,.T.);
#3325=ADVANCED_FACE('',(#3324),#3316,.F.);
#3344=ADVANCED_FACE('',(#3343),#3337,.F.);
#3358=EDGE_CURVE('',#2761,#2765,#2626,.T.);
#3361=EDGE_CURVE('',#2760,#2764,#2619,.T.);
#3365=ADVANCED_FACE('',(#3364),#3356,.F.);
#3384=ADVANCED_FACE('',(#3383),#3377,.F.);
#3398=EDGE_CURVE('',#2769,#2773,#2640,.T.);
#3401=EDGE_CURVE('',#2768,#2772,#2633,.T.);
#3405=ADVANCED_FACE('',(#3404),#3396,.F.);
#3424=ADVANCED_FACE('',(#3423),#3417,.F.);
#3438=EDGE_CURVE('',#2777,#2781,#2654,.T.);
#3441=EDGE_CURVE('',#2776,#2780,#2647,.T.);
#3445=ADVANCED_FACE('',(#3444),#3436,.F.);
#3464=ADVANCED_FACE('',(#3463),#3457,.F.);
#3478=EDGE_CURVE('',#2785,#2789,#2668,.T.);
#3481=EDGE_CURVE('',#2784,#2788,#2661,.T.);
#3485=ADVANCED_FACE('',(#3484),#3476,.F.);
#3504=ADVANCED_FACE('',(#3503),#3497,.F.);
#3518=EDGE_CURVE('',#2793,#2797,#2682,.T.);
#3521=EDGE_CURVE('',#2792,#2796,#2675,.T.);
#3525=ADVANCED_FACE('',(#3524),#3516,.F.);
#3544=ADVANCED_FACE('',(#3543),#3537,.F.);
#3552=CLOSED_SHELL('',(#2887,#2909,#2929,#3024,#3045,#3064,#3085,#3104,#3125,
#3144,#3165,#3184,#3205,#3224,#3245,#3264,#3285,#3304,#3325,#3344,#3365,#3384,
#3405,#3424,#3445,#3464,#3485,#3504,#3525,#3544));
#3553=MANIFOLD_SOLID_BREP('',#3552);
#3560=(LENGTH_UNIT()NAMED_UNIT(*)SI_UNIT(.MILLI.,.METRE.));
#3561=(NAMED_UNIT(*)PLANE_ANGLE_UNIT()SI_UNIT($,.RADIAN.));
#3564=(NAMED_UNIT(*)SI_UNIT($,.STERADIAN.)SOLID_ANGLE_UNIT());
#3566=(GEOMETRIC_REPRESENTATION_CONTEXT(3)GLOBAL_UNCERTAINTY_ASSIGNED_CONTEXT((
#3565))GLOBAL_UNIT_ASSIGNED_CONTEXT((#3560,#3563,#3564))REPRESENTATION_CONTEXT(
'ID2','3'));
#3570=AXIS2_PLACEMENT_3D('',#3567,#3568,#3569);
#3571=ADVANCED_BREP_SHAPE_REPRESENTATION('',(#3570,#3553),#3566);
#3575=PRODUCT_DEFINITION('part definition','',#3574,#1978);
#3576=PRODUCT_DEFINITION_SHAPE('','SHAPE FOR GASKET_PIPE.',#3575);
#3577=SHAPE_ASPECT('','solid data associated with GASKET_PIPE',#3576,.F.);
#3578=PROPERTY_DEFINITION('',
'shape for solid data with which properties are associated',#3577);
#3579=SHAPE_REPRESENTATION('',(#3553),#3566);
#3580=SHAPE_DEFINITION_REPRESENTATION(#3578,#3579);
#3581=(LENGTH_UNIT()NAMED_UNIT(*)SI_UNIT(.MILLI.,.METRE.));
#3585=PROPERTY_DEFINITION('geometric validation property','area of GASKET_PIPE',
#3577);
#3586=REPRESENTATION('surface area',(#3584),#3566);
#3587=PROPERTY_DEFINITION_REPRESENTATION(#3585,#3586);
#3588=(LENGTH_UNIT()NAMED_UNIT(*)SI_UNIT(.MILLI.,.METRE.));
#3592=PROPERTY_DEFINITION('geometric validation property',
'volume of GASKET_PIPE',#3577);
#3593=REPRESENTATION('volume',(#3591),#3566);
#3594=PROPERTY_DEFINITION_REPRESENTATION(#3592,#3593);
#3596=PROPERTY_DEFINITION('geometric validation property',
'centroid of GASKET_PIPE',#3577);
#3597=REPRESENTATION('centroid',(#3595),#3566);
#3598=PROPERTY_DEFINITION_REPRESENTATION(#3596,#3597);
#3599=(LENGTH_UNIT()NAMED_UNIT(*)SI_UNIT(.MILLI.,.METRE.));
#3603=PROPERTY_DEFINITION('geometric validation property','area of GASKET_PIPE',
#3576);
#3604=REPRESENTATION('surface area',(#3602),#3566);
#3605=PROPERTY_DEFINITION_REPRESENTATION(#3603,#3604);
#3606=(LENGTH_UNIT()NAMED_UNIT(*)SI_UNIT(.MILLI.,.METRE.));
#3610=PROPERTY_DEFINITION('geometric validation property',
'volume of GASKET_PIPE',#3576);
#3611=REPRESENTATION('volume',(#3609),#3566);
#3612=PROPERTY_DEFINITION_REPRESENTATION(#3610,#3611);
#3614=PROPERTY_DEFINITION('geometric validation property',
'centroid of GASKET_PIPE',#3576);
#3615=REPRESENTATION('centroid',(#3613),#3566);
#3616=PROPERTY_DEFINITION_REPRESENTATION(#3614,#3615);
#3617=SHAPE_DEFINITION_REPRESENTATION(#3576,#3571);
#3618=NEXT_ASSEMBLY_USAGE_OCCURRENCE('1','Next assembly relationship',
'GASKET_PIPE',#4596,#3575,$);
#3619=PRODUCT_DEFINITION_SHAPE('Placement #1',
'Placement of GASKET_PIPE with respect to PIPEFLANGEASSY_ASM',#3618);
#3621=PROPERTY_DEFINITION('geometric validation property',
'centroid of GASKET_PIPE',#3619);
#3622=REPRESENTATION('centroid',(#3620),#3566);
#3623=PROPERTY_DEFINITION_REPRESENTATION(#3621,#3622);
#3631=NEXT_ASSEMBLY_USAGE_OCCURRENCE('2','Next assembly relationship',
'FALNGE_1',#4596,#1982,$);
#3632=PRODUCT_DEFINITION_SHAPE('Placement #2',
'Placement of FALNGE_1 with respect to PIPEFLANGEASSY_ASM',#3631);
#3634=PROPERTY_DEFINITION('geometric validation property',
'centroid of FALNGE_1',#3632);
#3635=REPRESENTATION('centroid',(#3633),#3566);
#3636=PROPERTY_DEFINITION_REPRESENTATION(#3634,#3635);
#3656=CIRCLE('',#3655,4.E0);
#3671=CIRCLE('',#3670,4.E0);
#3679=CIRCLE('',#3678,4.E0);
#3687=CIRCLE('',#3686,4.E0);
#3695=CIRCLE('',#3694,6.5E0);
#3710=CIRCLE('',#3709,6.5E0);
#3725=CIRCLE('',#3724,6.5E0);
#3733=CIRCLE('',#3732,6.5E0);
#3758=EDGE_CURVE('',#3739,#3747,#3656,.T.);
#3760=EDGE_CURVE('',#3739,#3747,#3671,.T.);
#3764=ADVANCED_FACE('',(#3763),#3757,.F.);
#3777=EDGE_CURVE('',#3739,#3740,#3648,.T.);
#3780=EDGE_CURVE('',#3747,#3748,#3663,.T.);
#3782=EDGE_CURVE('',#3740,#3748,#3679,.T.);
#3786=ADVANCED_FACE('',(#3785),#3776,.T.);
#3800=EDGE_CURVE('',#3740,#3748,#3687,.T.);
#3806=ADVANCED_FACE('',(#3805),#3798,.T.);
#3819=EDGE_CURVE('',#3743,#3751,#3695,.T.);
#3821=EDGE_CURVE('',#3743,#3751,#3710,.T.);
#3829=ADVANCED_FACE('',(#3824,#3828),#3818,.F.);
#3842=EDGE_CURVE('',#3743,#3744,#3702,.T.);
#3844=EDGE_CURVE('',#3744,#3752,#3733,.T.);
#3846=EDGE_CURVE('',#3751,#3752,#3717,.T.);
#3851=ADVANCED_FACE('',(#3850),#3841,.T.);
#3867=EDGE_CURVE('',#3744,#3752,#3725,.T.);
#3871=ADVANCED_FACE('',(#3870),#3863,.T.);
#3888=ADVANCED_FACE('',(#3887),#3883,.T.);
#3896=CLOSED_SHELL('',(#3764,#3786,#3806,#3829,#3851,#3871,#3888));
#3897=MANIFOLD_SOLID_BREP('',#3896);
#3904=(LENGTH_UNIT()NAMED_UNIT(*)SI_UNIT(.MILLI.,.METRE.));
#3905=(NAMED_UNIT(*)PLANE_ANGLE_UNIT()SI_UNIT($,.RADIAN.));
#3908=(NAMED_UNIT(*)SI_UNIT($,.STERADIAN.)SOLID_ANGLE_UNIT());
#3910=(GEOMETRIC_REPRESENTATION_CONTEXT(3)GLOBAL_UNCERTAINTY_ASSIGNED_CONTEXT((
#3909))GLOBAL_UNIT_ASSIGNED_CONTEXT((#3904,#3907,#3908))REPRESENTATION_CONTEXT(
'ID3','3'));
#3914=AXIS2_PLACEMENT_3D('',#3911,#3912,#3913);
#3915=ADVANCED_BREP_SHAPE_REPRESENTATION('',(#3914,#3897),#3910);
#3920=PRODUCT_DEFINITION('part definition','',#3919,#3916);
#3921=PRODUCT_DEFINITION_SHAPE('','SHAPE FOR BOLT_8MM.',#3920);
#3922=SHAPE_ASPECT('','solid data associated with BOLT_8MM',#3921,.F.);
#3923=PROPERTY_DEFINITION('',
'shape for solid data with which properties are associated',#3922);
#3924=SHAPE_REPRESENTATION('',(#3897),#3910);
#3925=SHAPE_DEFINITION_REPRESENTATION(#3923,#3924);
#3926=(LENGTH_UNIT()NAMED_UNIT(*)SI_UNIT(.MILLI.,.METRE.));
#3930=PROPERTY_DEFINITION('geometric validation property','area of BOLT_8MM',
#3922);
#3931=REPRESENTATION('surface area',(#3929),#3910);
#3932=PROPERTY_DEFINITION_REPRESENTATION(#3930,#3931);
#3933=(LENGTH_UNIT()NAMED_UNIT(*)SI_UNIT(.MILLI.,.METRE.));
#3937=PROPERTY_DEFINITION('geometric validation property','volume of BOLT_8MM',
#3922);
#3938=REPRESENTATION('volume',(#3936),#3910);
#3939=PROPERTY_DEFINITION_REPRESENTATION(#3937,#3938);
#3941=PROPERTY_DEFINITION('geometric validation property',
'centroid of BOLT_8MM',#3922);
#3942=REPRESENTATION('centroid',(#3940),#3910);
#3943=PROPERTY_DEFINITION_REPRESENTATION(#3941,#3942);
#3944=(LENGTH_UNIT()NAMED_UNIT(*)SI_UNIT(.MILLI.,.METRE.));
#3948=PROPERTY_DEFINITION('geometric validation property','area of BOLT_8MM',
#3921);
#3949=REPRESENTATION('surface area',(#3947),#3910);
#3950=PROPERTY_DEFINITION_REPRESENTATION(#3948,#3949);
#3951=(LENGTH_UNIT()NAMED_UNIT(*)SI_UNIT(.MILLI.,.METRE.));
#3955=PROPERTY_DEFINITION('geometric validation property','volume of BOLT_8MM',
#3921);
#3956=REPRESENTATION('volume',(#3954),#3910);
#3957=PROPERTY_DEFINITION_REPRESENTATION(#3955,#3956);
#3959=PROPERTY_DEFINITION('geometric validation property',
'centroid of BOLT_8MM',#3921);
#3960=REPRESENTATION('centroid',(#3958),#3910);
#3961=PROPERTY_DEFINITION_REPRESENTATION(#3959,#3960);
#3962=SHAPE_DEFINITION_REPRESENTATION(#3921,#3915);
#3963=NEXT_ASSEMBLY_USAGE_OCCURRENCE('3','Next assembly relationship',
'BOLT_8MM',#4596,#3920,$);
#3964=PRODUCT_DEFINITION_SHAPE('Placement #3',
'Placement of BOLT_8MM with respect to PIPEFLANGEASSY_ASM',#3963);
#3966=PROPERTY_DEFINITION('geometric validation property',
'centroid of BOLT_8MM',#3964);
#3967=REPRESENTATION('centroid',(#3965),#3910);
#3968=PROPERTY_DEFINITION_REPRESENTATION(#3966,#3967);
#3976=NEXT_ASSEMBLY_USAGE_OCCURRENCE('4','Next assembly relationship',
'BOLT_8MM',#4596,#3920,$);
#3977=PRODUCT_DEFINITION_SHAPE('Placement #4',
'Placement of BOLT_8MM with respect to PIPEFLANGEASSY_ASM',#3976);
#3979=PROPERTY_DEFINITION('geometric validation property',
'centroid of BOLT_8MM',#3977);
#3980=REPRESENTATION('centroid',(#3978),#3910);
#3981=PROPERTY_DEFINITION_REPRESENTATION(#3979,#3980);
#3989=NEXT_ASSEMBLY_USAGE_OCCURRENCE('5','Next assembly relationship',
'BOLT_8MM',#4596,#3920,$);
#3990=PRODUCT_DEFINITION_SHAPE('Placement #5',
'Placement of BOLT_8MM with respect to PIPEFLANGEASSY_ASM',#3989);
#3992=PROPERTY_DEFINITION('geometric validation property',
'centroid of BOLT_8MM',#3990);
#3993=REPRESENTATION('centroid',(#3991),#3910);
#3994=PROPERTY_DEFINITION_REPRESENTATION(#3992,#3993);
#4002=NEXT_ASSEMBLY_USAGE_OCCURRENCE('6','Next assembly relationship',
'BOLT_8MM',#4596,#3920,$);
#4003=PRODUCT_DEFINITION_SHAPE('Placement #6',
'Placement of BOLT_8MM with respect to PIPEFLANGEASSY_ASM',#4002);
#4005=PROPERTY_DEFINITION('geometric validation property',
'centroid of BOLT_8MM',#4003);
#4006=REPRESENTATION('centroid',(#4004),#3910);
#4007=PROPERTY_DEFINITION_REPRESENTATION(#4005,#4006);
#4015=NEXT_ASSEMBLY_USAGE_OCCURRENCE('7','Next assembly relationship',
'BOLT_8MM',#4596,#3920,$);
#4016=PRODUCT_DEFINITION_SHAPE('Placement #7',
'Placement of BOLT_8MM with respect to PIPEFLANGEASSY_ASM',#4015);
#4018=PROPERTY_DEFINITION('geometric validation property',
'centroid of BOLT_8MM',#4016);
#4019=REPRESENTATION('centroid',(#4017),#3910);
#4020=PROPERTY_DEFINITION_REPRESENTATION(#4018,#4019);
#4028=NEXT_ASSEMBLY_USAGE_OCCURRENCE('8','Next assembly relationship',
'BOLT_8MM',#4596,#3920,$);
#4029=PRODUCT_DEFINITION_SHAPE('Placement #8',
'Placement of BOLT_8MM with respect to PIPEFLANGEASSY_ASM',#4028);
#4031=PROPERTY_DEFINITION('geometric validation property',
'centroid of BOLT_8MM',#4029);
#4032=REPRESENTATION('centroid',(#4030),#3910);
#4033=PROPERTY_DEFINITION_REPRESENTATION(#4031,#4032);
#4041=NEXT_ASSEMBLY_USAGE_OCCURRENCE('9','Next assembly relationship',
'BOLT_8MM',#4596,#3920,$);
#4042=PRODUCT_DEFINITION_SHAPE('Placement #9',
'Placement of BOLT_8MM with respect to PIPEFLANGEASSY_ASM',#4041);
#4044=PROPERTY_DEFINITION('geometric validation property',
'centroid of BOLT_8MM',#4042);
#4045=REPRESENTATION('centroid',(#4043),#3910);
#4046=PROPERTY_DEFINITION_REPRESENTATION(#4044,#4045);
#4054=NEXT_ASSEMBLY_USAGE_OCCURRENCE('10','Next assembly relationship',
'BOLT_8MM',#4596,#3920,$);
#4055=PRODUCT_DEFINITION_SHAPE('Placement #10',
'Placement of BOLT_8MM with respect to PIPEFLANGEASSY_ASM',#4054);
#4057=PROPERTY_DEFINITION('geometric validation property',
'centroid of BOLT_8MM',#4055);
#4058=REPRESENTATION('centroid',(#4056),#3910);
#4059=PROPERTY_DEFINITION_REPRESENTATION(#4057,#4058);
#4067=NEXT_ASSEMBLY_USAGE_OCCURRENCE('11','Next assembly relationship',
'BOLT_8MM',#4596,#3920,$);
#4068=PRODUCT_DEFINITION_SHAPE('Placement #11',
'Placement of BOLT_8MM with respect to PIPEFLANGEASSY_ASM',#4067);
#4070=PROPERTY_DEFINITION('geometric validation property',
'centroid of BOLT_8MM',#4068);
#4071=REPRESENTATION('centroid',(#4069),#3910);
#4072=PROPERTY_DEFINITION_REPRESENTATION(#4070,#4071);
#4080=NEXT_ASSEMBLY_USAGE_OCCURRENCE('12','Next assembly relationship',
'BOLT_8MM',#4596,#3920,$);
#4081=PRODUCT_DEFINITION_SHAPE('Placement #12',
'Placement of BOLT_8MM with respect to PIPEFLANGEASSY_ASM',#4080);
#4083=PROPERTY_DEFINITION('geometric validation property',
'centroid of BOLT_8MM',#4081);
#4084=REPRESENTATION('centroid',(#4082),#3910);
#4085=PROPERTY_DEFINITION_REPRESENTATION(#4083,#4084);
#4093=NEXT_ASSEMBLY_USAGE_OCCURRENCE('13','Next assembly relationship',
'BOLT_8MM',#4596,#3920,$);
#4094=PRODUCT_DEFINITION_SHAPE('Placement #13',
'Placement of BOLT_8MM with respect to PIPEFLANGEASSY_ASM',#4093);
#4096=PROPERTY_DEFINITION('geometric validation property',
'centroid of BOLT_8MM',#4094);
#4097=REPRESENTATION('centroid',(#4095),#3910);
#4098=PROPERTY_DEFINITION_REPRESENTATION(#4096,#4097);
#4106=NEXT_ASSEMBLY_USAGE_OCCURRENCE('14','Next assembly relationship',
'BOLT_8MM',#4596,#3920,$);
#4107=PRODUCT_DEFINITION_SHAPE('Placement #14',
'Placement of BOLT_8MM with respect to PIPEFLANGEASSY_ASM',#4106);
#4109=PROPERTY_DEFINITION('geometric validation property',
'centroid of BOLT_8MM',#4107);
#4110=REPRESENTATION('centroid',(#4108),#3910);
#4111=PROPERTY_DEFINITION_REPRESENTATION(#4109,#4110);
#4124=CIRCLE('',#4123,4.E0);
#4132=CIRCLE('',#4131,4.E0);
#4140=CIRCLE('',#4139,6.5E0);
#4148=CIRCLE('',#4147,6.5E0);
#4170=CIRCLE('',#4169,4.E0);
#4178=CIRCLE('',#4177,4.E0);
#4186=CIRCLE('',#4185,6.5E0);
#4194=CIRCLE('',#4193,6.5E0);
#4233=EDGE_CURVE('',#4218,#4219,#4140,.T.);
#4235=EDGE_CURVE('',#4219,#4218,#4148,.T.);
#4239=EDGE_CURVE('',#4214,#4215,#4124,.T.);
#4241=EDGE_CURVE('',#4215,#4214,#4132,.T.);
#4245=ADVANCED_FACE('',(#4238,#4244),#4232,.F.);
#4259=EDGE_CURVE('',#4214,#4222,#4155,.T.);
#4261=EDGE_CURVE('',#4222,#4223,#4170,.T.);
#4263=EDGE_CURVE('',#4215,#4223,#4162,.T.);
#4267=ADVANCED_FACE('',(#4266),#4257,.F.);
#4282=EDGE_CURVE('',#4223,#4222,#4178,.T.);
#4287=ADVANCED_FACE('',(#4286),#4279,.F.);
#4300=EDGE_CURVE('',#4226,#4227,#4186,.T.);
#4302=EDGE_CURVE('',#4227,#4226,#4194,.T.);
#4310=ADVANCED_FACE('',(#4305,#4309),#4299,.T.);
#4324=EDGE_CURVE('',#4218,#4226,#4201,.T.);
#4327=EDGE_CURVE('',#4219,#4227,#4208,.T.);
#4331=ADVANCED_FACE('',(#4330),#4322,.T.);
#4350=ADVANCED_FACE('',(#4349),#4343,.T.);
#4358=CLOSED_SHELL('',(#4245,#4267,#4287,#4310,#4331,#4350));
#4359=MANIFOLD_SOLID_BREP('',#4358);
#4366=(LENGTH_UNIT()NAMED_UNIT(*)SI_UNIT(.MILLI.,.METRE.));
#4367=(NAMED_UNIT(*)PLANE_ANGLE_UNIT()SI_UNIT($,.RADIAN.));
#4370=(NAMED_UNIT(*)SI_UNIT($,.STERADIAN.)SOLID_ANGLE_UNIT());
#4372=(GEOMETRIC_REPRESENTATION_CONTEXT(3)GLOBAL_UNCERTAINTY_ASSIGNED_CONTEXT((
#4371))GLOBAL_UNIT_ASSIGNED_CONTEXT((#4366,#4369,#4370))REPRESENTATION_CONTEXT(
'ID4','3'));
#4376=AXIS2_PLACEMENT_3D('',#4373,#4374,#4375);
#4377=ADVANCED_BREP_SHAPE_REPRESENTATION('',(#4376,#4359),#4372);
#4381=PRODUCT_DEFINITION('part definition','',#4380,#3916);
#4382=PRODUCT_DEFINITION_SHAPE('','SHAPE FOR NUT_8MM.',#4381);
#4383=SHAPE_ASPECT('','solid data associated with NUT_8MM',#4382,.F.);
#4384=PROPERTY_DEFINITION('',
'shape for solid data with which properties are associated',#4383);
#4385=SHAPE_REPRESENTATION('',(#4359),#4372);
#4386=SHAPE_DEFINITION_REPRESENTATION(#4384,#4385);
#4387=(LENGTH_UNIT()NAMED_UNIT(*)SI_UNIT(.MILLI.,.METRE.));
#4391=PROPERTY_DEFINITION('geometric validation property','area of NUT_8MM',
#4383);
#4392=REPRESENTATION('surface area',(#4390),#4372);
#4393=PROPERTY_DEFINITION_REPRESENTATION(#4391,#4392);
#4394=(LENGTH_UNIT()NAMED_UNIT(*)SI_UNIT(.MILLI.,.METRE.));
#4398=PROPERTY_DEFINITION('geometric validation property','volume of NUT_8MM',
#4383);
#4399=REPRESENTATION('volume',(#4397),#4372);
#4400=PROPERTY_DEFINITION_REPRESENTATION(#4398,#4399);
#4402=PROPERTY_DEFINITION('geometric validation property','centroid of NUT_8MM',
#4383);
#4403=REPRESENTATION('centroid',(#4401),#4372);
#4404=PROPERTY_DEFINITION_REPRESENTATION(#4402,#4403);
#4405=(LENGTH_UNIT()NAMED_UNIT(*)SI_UNIT(.MILLI.,.METRE.));
#4409=PROPERTY_DEFINITION('geometric validation property','area of NUT_8MM',
#4382);
#4410=REPRESENTATION('surface area',(#4408),#4372);
#4411=PROPERTY_DEFINITION_REPRESENTATION(#4409,#4410);
#4412=(LENGTH_UNIT()NAMED_UNIT(*)SI_UNIT(.MILLI.,.METRE.));
#4416=PROPERTY_DEFINITION('geometric validation property','volume of NUT_8MM',
#4382);
#4417=REPRESENTATION('volume',(#4415),#4372);
#4418=PROPERTY_DEFINITION_REPRESENTATION(#4416,#4417);
#4420=PROPERTY_DEFINITION('geometric validation property','centroid of NUT_8MM',
#4382);
#4421=REPRESENTATION('centroid',(#4419),#4372);
#4422=PROPERTY_DEFINITION_REPRESENTATION(#4420,#4421);
#4423=SHAPE_DEFINITION_REPRESENTATION(#4382,#4377);
#4424=NEXT_ASSEMBLY_USAGE_OCCURRENCE('15','Next assembly relationship',
'NUT_8MM',#4596,#4381,$);
#4425=PRODUCT_DEFINITION_SHAPE('Placement #15',
'Placement of NUT_8MM with respect to PIPEFLANGEASSY_ASM',#4424);
#4427=PROPERTY_DEFINITION('geometric validation property','centroid of NUT_8MM',
#4425);
#4428=REPRESENTATION('centroid',(#4426),#4372);
#4429=PROPERTY_DEFINITION_REPRESENTATION(#4427,#4428);
#4437=NEXT_ASSEMBLY_USAGE_OCCURRENCE('16','Next assembly relationship',
'NUT_8MM',#4596,#4381,$);
#4438=PRODUCT_DEFINITION_SHAPE('Placement #16',
'Placement of NUT_8MM with respect to PIPEFLANGEASSY_ASM',#4437);
#4440=PROPERTY_DEFINITION('geometric validation property','centroid of NUT_8MM',
#4438);
#4441=REPRESENTATION('centroid',(#4439),#4372);
#4442=PROPERTY_DEFINITION_REPRESENTATION(#4440,#4441);
#4450=NEXT_ASSEMBLY_USAGE_OCCURRENCE('17','Next assembly relationship',
'NUT_8MM',#4596,#4381,$);
#4451=PRODUCT_DEFINITION_SHAPE('Placement #17',
'Placement of NUT_8MM with respect to PIPEFLANGEASSY_ASM',#4450);
#4453=PROPERTY_DEFINITION('geometric validation property','centroid of NUT_8MM',
#4451);
#4454=REPRESENTATION('centroid',(#4452),#4372);
#4455=PROPERTY_DEFINITION_REPRESENTATION(#4453,#4454);
#4463=NEXT_ASSEMBLY_USAGE_OCCURRENCE('18','Next assembly relationship',
'NUT_8MM',#4596,#4381,$);
#4464=PRODUCT_DEFINITION_SHAPE('Placement #18',
'Placement of NUT_8MM with respect to PIPEFLANGEASSY_ASM',#4463);
#4466=PROPERTY_DEFINITION('geometric validation property','centroid of NUT_8MM',
#4464);
#4467=REPRESENTATION('centroid',(#4465),#4372);
#4468=PROPERTY_DEFINITION_REPRESENTATION(#4466,#4467);
#4476=NEXT_ASSEMBLY_USAGE_OCCURRENCE('19','Next assembly relationship',
'NUT_8MM',#4596,#4381,$);
#4477=PRODUCT_DEFINITION_SHAPE('Placement #19',
'Placement of NUT_8MM with respect to PIPEFLANGEASSY_ASM',#4476);
#4479=PROPERTY_DEFINITION('geometric validation property','centroid of NUT_8MM',
#4477);
#4480=REPRESENTATION('centroid',(#4478),#4372);
#4481=PROPERTY_DEFINITION_REPRESENTATION(#4479,#4480);
#4489=NEXT_ASSEMBLY_USAGE_OCCURRENCE('20','Next assembly relationship',
'NUT_8MM',#4596,#4381,$);
#4490=PRODUCT_DEFINITION_SHAPE('Placement #20',
'Placement of NUT_8MM with respect to PIPEFLANGEASSY_ASM',#4489);
#4492=PROPERTY_DEFINITION('geometric validation property','centroid of NUT_8MM',
#4490);
#4493=REPRESENTATION('centroid',(#4491),#4372);
#4494=PROPERTY_DEFINITION_REPRESENTATION(#4492,#4493);
#4502=NEXT_ASSEMBLY_USAGE_OCCURRENCE('21','Next assembly relationship',
'NUT_8MM',#4596,#4381,$);
#4503=PRODUCT_DEFINITION_SHAPE('Placement #21',
'Placement of NUT_8MM with respect to PIPEFLANGEASSY_ASM',#4502);
#4505=PROPERTY_DEFINITION('geometric validation property','centroid of NUT_8MM',
#4503);
#4506=REPRESENTATION('centroid',(#4504),#4372);
#4507=PROPERTY_DEFINITION_REPRESENTATION(#4505,#4506);
#4515=NEXT_ASSEMBLY_USAGE_OCCURRENCE('22','Next assembly relationship',
'NUT_8MM',#4596,#4381,$);
#4516=PRODUCT_DEFINITION_SHAPE('Placement #22',
'Placement of NUT_8MM with respect to PIPEFLANGEASSY_ASM',#4515);
#4518=PROPERTY_DEFINITION('geometric validation property','centroid of NUT_8MM',
#4516);
#4519=REPRESENTATION('centroid',(#4517),#4372);
#4520=PROPERTY_DEFINITION_REPRESENTATION(#4518,#4519);
#4528=NEXT_ASSEMBLY_USAGE_OCCURRENCE('23','Next assembly relationship',
'NUT_8MM',#4596,#4381,$);
#4529=PRODUCT_DEFINITION_SHAPE('Placement #23',
'Placement of NUT_8MM with respect to PIPEFLANGEASSY_ASM',#4528);
#4531=PROPERTY_DEFINITION('geometric validation property','centroid of NUT_8MM',
#4529);
#4532=REPRESENTATION('centroid',(#4530),#4372);
#4533=PROPERTY_DEFINITION_REPRESENTATION(#4531,#4532);
#4541=NEXT_ASSEMBLY_USAGE_OCCURRENCE('24','Next assembly relationship',
'NUT_8MM',#4596,#4381,$);
#4542=PRODUCT_DEFINITION_SHAPE('Placement #24',
'Placement of NUT_8MM with respect to PIPEFLANGEASSY_ASM',#4541);
#4544=PROPERTY_DEFINITION('geometric validation property','centroid of NUT_8MM',
#4542);
#4545=REPRESENTATION('centroid',(#4543),#4372);
#4546=PROPERTY_DEFINITION_REPRESENTATION(#4544,#4545);
#4554=NEXT_ASSEMBLY_USAGE_OCCURRENCE('25','Next assembly relationship',
'NUT_8MM',#4596,#4381,$);
#4555=PRODUCT_DEFINITION_SHAPE('Placement #25',
'Placement of NUT_8MM with respect to PIPEFLANGEASSY_ASM',#4554);
#4557=PROPERTY_DEFINITION('geometric validation property','centroid of NUT_8MM',
#4555);
#4558=REPRESENTATION('centroid',(#4556),#4372);
#4559=PROPERTY_DEFINITION_REPRESENTATION(#4557,#4558);
#4567=NEXT_ASSEMBLY_USAGE_OCCURRENCE('26','Next assembly relationship',
'NUT_8MM',#4596,#4381,$);
#4568=PRODUCT_DEFINITION_SHAPE('Placement #26',
'Placement of NUT_8MM with respect to PIPEFLANGEASSY_ASM',#4567);
#4570=PROPERTY_DEFINITION('geometric validation property','centroid of NUT_8MM',
#4568);
#4571=REPRESENTATION('centroid',(#4569),#4372);
#4572=PROPERTY_DEFINITION_REPRESENTATION(#4570,#4571);
#4580=(LENGTH_UNIT()NAMED_UNIT(*)SI_UNIT(.MILLI.,.METRE.));
#4581=(NAMED_UNIT(*)PLANE_ANGLE_UNIT()SI_UNIT($,.RADIAN.));
#4584=(NAMED_UNIT(*)SI_UNIT($,.STERADIAN.)SOLID_ANGLE_UNIT());
#4586=(GEOMETRIC_REPRESENTATION_CONTEXT(3)GLOBAL_UNCERTAINTY_ASSIGNED_CONTEXT((
#4585))GLOBAL_UNIT_ASSIGNED_CONTEXT((#4580,#4583,#4584))REPRESENTATION_CONTEXT(
'ID5','3'));
#4590=AXIS2_PLACEMENT_3D('',#4587,#4588,#4589);
#4596=PRODUCT_DEFINITION('part definition','',#4595,#4592);
#4597=(LENGTH_UNIT()NAMED_UNIT(*)SI_UNIT(.MILLI.,.METRE.));
#4601=PROPERTY_DEFINITION('geometric validation property',
'area of PIPEFLANGEASSY_ASM',#2026);
#4602=REPRESENTATION('surface area',(#4600),#4586);
#4603=PROPERTY_DEFINITION_REPRESENTATION(#4601,#4602);
#4604=(LENGTH_UNIT()NAMED_UNIT(*)SI_UNIT(.MILLI.,.METRE.));
#4608=PROPERTY_DEFINITION('geometric validation property',
'volume of PIPEFLANGEASSY_ASM',#2026);
#4609=REPRESENTATION('volume',(#4607),#4586);
#4610=PROPERTY_DEFINITION_REPRESENTATION(#4608,#4609);
#4612=PROPERTY_DEFINITION('geometric validation property',
'centroid of PIPEFLANGEASSY_ASM',#2026);
#4613=REPRESENTATION('centroid',(#4611),#4586);
#4614=PROPERTY_DEFINITION_REPRESENTATION(#4612,#4613);
ENDSEC;
END-ISO-10303-21;
